Rk,Season,Team,W,G,W,L,W/L%,MP,Team FG,Team FGA,Team 2P,Team 2PA,Team 3P,Team 3PA,Team FT,Team FTA,Team ORB,Team DRB,Team TRB,Team AST,Team STL,Team BLK,Team TOV,Team PF,Team PTS,Opponent FG,Opponent FGA,Opponent 2P,Opponent 2PA,Opponent 3P,Opponent 3PA,Opponent FT,Opponent FTA,Opponent ORB,Opponent DRB,Opponent TRB,Opponent AST,Opponent STL,Opponent BLK,Opponent TOV,Opponent PF,Opponent PTS
1,2023-24,Connecticut,37,40,37,3,.925,200.0,29.4,59.2,20.9,35.4,8.5,23.8,14.1,18.9,11.7,27.1,38.8,18.7,6.2,5.4,9.6,16.3,81.4,22.4,57.0,16.5,38.2,5.9,18.7,12.9,17.7,9.9,20.2,30.1,10.0,5.4,3.0,10.6,16.6,63.4
2,2023-24,Purdue,34,39,34,5,.872,201.9,28.4,58.3,20.3,38.1,8.2,20.2,17.3,24.1,12.2,28.2,40.4,18.5,5.4,3.6,11.3,13.7,82.3,25.9,62.1,18.7,39.2,7.2,22.9,9.9,13.7,9.1,20.2,29.3,14.2,6.7,2.5,9.4,20.3,69.0
3,2023-24,Houston,32,37,32,5,.865,202.0,26.5,60.4,18.8,38.2,7.7,22.2,12.8,18.6,13.4,23.7,37.1,13.1,9.8,4.8,8.9,17.8,73.5,19.1,50.3,13.0,30.1,6.1,20.2,13.4,19.8,10.8,23.1,33.8,11.4,5.0,2.8,15.8,16.2,57.6
4,2023-24,Indiana State,32,39,32,7,.821,200.6,29.3,57.9,18.3,29.2,10.9,28.7,15.4,19.3,7.2,28.3,35.5,17.9,6.1,1.8,11.6,16.4,84.8,27.1,61.7,19.8,40.7,7.2,21.0,11.8,16.0,8.7,23.3,31.9,10.9,6.2,3.3,11.2,17.1,73.2
5,2023-24,James Madison,32,36,32,4,.889,202.1,29.8,62.6,21.3,38.9,8.5,23.7,15.1,21.4,11.5,27.1,38.6,16.0,9.0,3.1,10.9,17.3,83.2,24.4,58.7,18.1,37.8,6.3,20.9,14.6,20.0,9.9,24.0,33.9,10.7,5.9,3.4,14.3,17.3,69.6
6,2023-24,Grand Canyon,30,35,30,5,.857,200.7,26.4,57.4,19.4,36.5,7.0,20.8,19.3,25.8,11.8,26.4,38.1,12.1,8.3,5.5,12.3,17.9,79.1,23.5,58.3,17.1,38.4,6.3,19.8,13.7,19.4,11.3,22.4,33.7,11.3,6.1,2.7,13.9,20.2,67.0
7,2023-24,McNeese State,30,34,30,4,.882,200.0,28.6,58.7,21.1,39.0,7.6,19.7,15.2,21.9,11.2,24.8,36.1,14.9,10.3,3.4,9.7,17.3,80.0,20.9,53.8,12.7,27.9,8.2,25.9,12.1,17.1,10.7,22.3,33.0,12.4,4.6,3.2,16.4,17.9,62.2
8,2023-24,Illinois,29,38,29,9,.763,201.3,29.1,62.0,20.7,38.1,8.3,23.9,16.9,23.0,12.8,28.1,40.9,13.3,4.4,3.8,10.6,15.2,83.4,27.5,63.6,21.3,45.6,6.1,18.0,12.3,17.0,10.0,23.1,33.1,12.1,5.7,3.2,8.7,18.6,73.3
9,2023-24,Iowa State,29,37,29,8,.784,200.0,27.1,58.5,20.4,39.9,6.6,18.6,14.5,20.7,10.6,23.3,33.9,15.7,10.3,3.1,10.5,16.5,75.3,20.8,51.6,13.4,28.3,7.4,23.3,12.7,17.9,9.6,23.5,33.2,12.2,6.1,3.5,17.2,18.2,61.5
10,2023-24,North Carolina,29,37,29,8,.784,200.7,28.3,62.8,20.1,40.1,8.1,22.7,17.3,22.8,12.2,28.9,41.1,14.5,5.8,4.1,10.1,16.5,81.9,25.3,61.6,18.2,39.6,7.1,22.1,12.9,17.4,8.9,24.8,33.8,10.1,5.5,3.8,10.6,18.6,70.5
11,2023-24,Samford,29,35,29,6,.829,200.0,30.1,61.5,20.1,36.1,10.0,25.4,15.8,21.9,10.6,25.2,35.8,17.7,9.9,3.7,13.0,19.1,86.1,25.6,59.1,17.7,35.6,7.9,23.5,15.3,22.3,11.8,24.0,35.9,13.9,7.8,3.9,16.7,19.1,74.5
12,2023-24,Drake,28,35,28,7,.800,205.0,28.3,59.4,19.8,36.0,8.6,23.4,14.7,19.5,7.9,26.4,34.3,16.0,6.5,1.6,9.6,16.3,79.9,25.3,57.1,17.9,35.0,7.3,22.1,12.5,17.7,7.9,24.9,32.8,10.6,5.5,2.7,12.3,17.2,70.4
13,2023-24,Utah State,28,35,28,7,.800,202.9,28.5,58.2,22.1,38.8,6.5,19.4,16.1,22.4,9.5,26.3,35.8,16.3,6.8,4.2,11.0,17.0,79.7,25.9,59.1,19.6,37.6,6.3,21.6,13.3,18.1,9.4,23.6,33.1,13.0,6.4,2.4,11.9,18.4,71.3
14,2023-24,Vermont,28,35,28,7,.800,200.7,25.7,56.6,17.1,31.5,8.6,25.1,11.6,16.2,7.7,27.0,34.6,13.7,5.9,3.9,9.2,13.9,71.6,23.0,56.6,16.6,36.3,6.4,20.3,10.6,14.9,8.3,25.5,33.8,9.9,5.1,3.2,10.0,15.1,63.0
15,2023-24,Appalachian State,27,34,27,7,.794,204.4,29.3,61.8,22.7,41.9,6.6,19.8,13.1,19.3,11.0,30.7,41.6,14.6,6.1,6.8,10.7,13.2,78.4,25.4,65.4,18.8,43.9,6.6,21.5,9.6,13.9,11.6,24.8,36.4,10.3,6.9,2.5,10.5,16.4,67.1
16,2023-24,Arizona,27,36,27,9,.750,203.5,31.2,64.5,23.3,42.9,7.9,21.6,16.8,23.4,13.1,29.5,42.6,18.5,8.3,3.7,11.9,16.4,87.1,26.4,62.6,18.6,38.9,7.8,23.7,11.5,16.2,9.0,23.7,32.6,13.8,6.9,3.7,13.4,19.0,72.1
17,2023-24,Auburn,27,35,27,8,.771,200.0,28.9,60.6,20.9,37.9,8.0,22.7,17.4,23.2,11.2,26.6,37.8,17.8,7.4,6.1,10.7,19.4,83.1,22.4,58.0,16.5,38.6,5.9,19.4,17.7,24.1,11.5,22.9,34.5,9.6,6.7,3.2,12.8,19.0,68.3
18,2023-24,College of Charleston,27,35,27,8,.771,200.7,28.7,65.1,18.2,34.5,10.5,30.6,12.9,17.9,13.1,26.7,39.8,15.3,6.3,3.1,9.9,15.9,80.9,26.8,60.3,19.1,37.9,7.7,22.4,12.2,17.4,9.3,25.8,35.1,11.6,6.1,3.3,11.5,16.5,73.6
19,2023-24,Duke,27,36,27,9,.750,200.0,27.9,58.7,19.6,36.7,8.3,22.0,14.6,20.1,10.6,26.0,36.6,15.3,6.5,3.7,9.7,15.9,78.6,24.6,57.1,18.3,37.3,6.3,19.8,10.9,16.1,9.1,22.5,31.6,12.5,5.3,4.4,11.3,16.1,66.3
20,2023-24,Gonzaga,27,35,27,8,.771,200.0,32.0,61.8,25.1,42.5,6.9,19.3,13.6,18.9,10.8,27.9,38.7,16.7,6.7,3.9,9.8,15.6,84.5,25.2,62.0,17.6,39.3,7.6,22.7,11.1,15.5,10.6,21.1,31.7,12.4,5.4,2.6,11.2,16.7,69.1
21,2023-24,High Point,27,36,27,9,.750,203.5,27.8,60.1,19.4,35.7,8.3,24.4,20.1,25.8,13.2,26.8,40.0,11.9,5.1,3.3,11.1,18.1,83.9,26.2,59.5,19.8,40.7,6.4,18.8,15.6,21.4,9.4,22.1,31.5,11.7,4.9,2.8,10.0,21.2,74.4
22,2023-24,Marquette,27,37,27,10,.730,200.7,29.1,61.0,20.3,35.9,8.8,25.1,10.9,15.6,8.7,24.1,32.8,15.9,8.6,3.5,10.0,15.0,78.1,24.8,58.3,16.4,33.3,8.4,24.9,11.7,15.7,10.7,25.1,35.8,14.8,5.7,3.1,14.7,14.6,69.8
23,2023-24,Tennessee,27,36,27,9,.750,200.0,27.2,61.8,18.4,36.3,8.8,25.4,15.6,20.8,11.6,27.1,38.7,16.7,7.8,4.6,10.2,17.5,78.8,22.6,58.1,15.2,34.2,7.4,23.9,14.7,20.7,10.6,24.5,35.1,11.1,6.3,2.8,13.0,18.1,67.4
24,2023-24,Colorado,26,37,26,11,.703,202.0,28.4,57.3,21.5,39.8,6.9,17.5,15.8,20.1,9.9,27.0,36.9,16.2,6.0,2.2,12.6,14.8,79.3,26.6,60.4,19.8,39.1,6.8,21.3,11.7,16.5,8.9,21.3,30.2,11.6,7.4,3.7,10.6,17.8,71.7
25,2023-24,Morehead State,26,35,26,9,.743,200.0,27.0,57.7,17.6,31.7,9.4,26.1,11.9,16.9,11.6,27.6,39.2,15.0,5.9,4.6,11.8,15.8,75.3,22.5,57.3,16.8,38.3,5.7,19.0,12.6,16.8,9.3,21.3,30.7,9.5,5.9,2.6,10.5,15.6,63.4
26,2023-24,Nevada,26,34,26,8,.765,200.7,25.9,54.7,19.2,36.3,6.7,18.4,17.4,24.2,8.9,25.4,34.3,15.0,6.3,3.6,10.1,17.6,75.9,23.2,55.5,15.8,32.4,7.4,23.0,13.1,18.8,9.3,23.3,32.6,13.0,5.0,2.4,11.9,21.1,66.9
27,2023-24,New Mexico,26,36,26,10,.722,200.0,29.6,65.1,23.2,45.3,6.5,19.8,15.3,21.6,12.8,26.9,39.7,14.6,8.7,4.9,10.0,17.6,81.0,24.9,58.9,18.4,37.5,6.5,21.4,14.4,19.7,9.8,25.6,35.4,13.5,5.9,4.3,14.0,18.1,70.7
28,2023-24,NC State,26,41,26,15,.634,202.4,27.2,60.6,20.3,40.4,7.0,20.2,14.2,19.4,10.1,25.2,35.3,13.1,7.2,3.6,9.6,16.2,75.6,25.4,58.7,18.2,37.1,7.2,21.6,13.6,18.5,10.3,25.9,36.2,12.9,5.1,3.2,12.2,16.1,71.8
29,2023-24,St. Mary's (CA),26,34,26,8,.765,201.5,27.5,59.0,19.9,37.5,7.6,21.6,11.4,16.8,13.2,26.4,39.6,16.2,6.6,3.8,10.2,16.4,74.0,20.9,52.9,16.0,37.2,4.9,15.6,12.4,17.3,7.5,20.2,27.7,9.9,5.4,2.9,10.9,15.9,59.2
30,2023-24,San Diego State,26,37,26,11,.703,203.4,25.8,58.6,18.8,36.4,7.0,22.2,15.5,21.2,11.7,26.1,37.8,13.0,7.4,4.0,11.2,17.5,74.1,23.2,57.2,15.9,33.8,7.3,23.4,13.1,18.4,10.2,23.5,33.6,11.5,6.1,3.0,12.4,18.5,66.7
31,2023-24,South Carolina,26,34,26,8,.765,201.5,25.4,57.9,17.4,34.1,8.1,23.8,13.1,18.4,11.4,24.2,35.6,15.4,4.8,3.2,10.1,16.2,72.1,24.3,56.3,18.3,38.6,6.0,17.6,13.1,17.8,9.4,23.3,32.7,11.6,5.8,4.6,9.8,16.3,67.6
32,2023-24,Alabama,25,37,25,12,.676,201.4,30.7,64.5,19.5,34.5,11.2,29.9,17.6,22.8,12.8,26.9,39.6,15.9,6.9,4.4,11.8,19.8,90.1,27.8,63.5,20.3,39.9,7.5,23.6,18.2,24.6,12.1,23.7,35.8,12.8,7.4,4.4,11.3,20.0,81.2
33,2023-24,Colgate,25,35,25,10,.714,200.0,26.5,56.5,18.8,34.9,7.8,21.6,10.5,15.4,8.2,27.4,35.6,15.0,6.5,3.5,10.5,13.4,71.4,23.8,57.7,16.7,34.5,7.1,23.2,9.3,13.9,8.9,24.1,33.0,12.7,5.7,2.5,11.2,14.3,64.1
34,2023-24,Colorado State,25,36,25,11,.694,201.4,27.2,56.2,19.9,34.5,7.3,21.7,13.4,17.8,7.9,25.6,33.4,18.0,6.3,3.1,10.4,17.0,75.2,24.0,56.4,17.9,37.4,6.1,19.0,13.1,17.7,9.3,23.5,32.8,11.3,5.4,2.8,11.5,16.8,67.3
35,2023-24,Creighton,25,35,25,10,.714,205.0,29.0,60.0,18.3,30.9,10.7,29.1,11.7,14.8,8.4,29.7,38.1,16.8,3.8,4.1,10.6,11.5,80.4,27.8,66.4,21.8,47.9,6.0,18.5,8.4,10.6,9.9,23.7,33.6,11.5,6.0,2.8,7.6,14.8,69.9
36,2023-24,Dayton,25,33,25,8,.758,200.8,25.2,53.1,15.8,29.5,9.4,23.5,14.4,19.5,8.0,25.5,33.5,14.6,5.5,3.9,10.4,13.5,74.2,24.7,59.0,17.2,35.3,7.6,23.7,9.4,12.9,10.2,22.5,32.8,12.6,5.9,3.0,10.4,16.6,66.5
37,2023-24,Duquesne,25,37,25,12,.676,199.9,24.9,57.0,17.4,34.8,7.5,22.2,13.2,18.4,10.5,24.3,34.8,13.4,7.5,4.3,11.7,17.1,70.6,23.3,55.1,16.7,34.3,6.6,20.8,13.5,19.0,10.4,23.9,34.3,12.4,6.4,3.8,13.1,16.9,66.7
38,2023-24,Florida Atlantic,25,34,25,9,.735,204.4,29.2,61.0,20.8,37.2,8.4,23.8,15.3,21.3,11.6,26.4,38.1,14.9,7.2,3.1,11.4,16.1,82.0,26.8,61.6,19.3,39.4,7.5,22.2,12.2,16.8,10.9,23.2,34.1,10.5,6.0,2.5,11.6,18.0,73.4
39,2023-24,Seton Hall,25,37,25,12,.676,202.7,26.7,59.0,20.5,40.6,6.2,18.4,14.2,18.2,12.0,25.2,37.3,13.0,7.6,4.8,12.6,15.2,73.8,25.0,59.3,16.7,34.1,8.3,25.2,11.6,15.2,10.3,22.2,32.5,14.2,7.4,4.4,12.2,16.3,69.9
40,2023-24,South Florida,25,33,25,8,.758,200.0,25.4,57.6,16.4,33.2,8.9,24.4,16.1,21.8,9.9,26.1,36.0,14.9,6.9,3.4,10.8,17.2,75.7,24.4,58.3,17.5,36.2,7.0,22.1,13.5,20.2,11.5,25.3,36.8,12.4,6.2,3.0,12.7,18.5,69.3
41,2023-24,Tarleton State,25,35,25,10,.714,200.7,27.2,59.7,21.4,41.9,5.8,17.8,13.9,18.4,10.8,23.2,34.1,13.8,8.8,3.5,11.3,17.3,74.1,24.4,55.9,17.7,35.6,6.7,20.3,13.1,18.9,10.9,23.9,34.8,11.8,5.7,3.6,14.3,16.9,68.6
42,2023-24,Washington State,25,35,25,10,.714,201.4,27.1,58.5,20.7,39.7,6.4,18.8,13.0,18.5,11.2,26.5,37.6,12.4,5.2,4.9,10.9,16.6,73.5,23.8,56.5,18.1,38.9,5.7,17.6,13.3,18.3,8.8,22.8,31.6,10.9,5.6,2.6,10.4,17.0,66.7
43,2023-24,Akron,24,35,24,11,.686,200.7,26.1,57.7,18.1,33.0,8.0,24.7,13.3,18.3,10.4,26.1,36.5,13.0,5.6,2.9,11.3,16.7,73.6,24.4,56.7,18.0,35.6,6.4,21.1,11.0,16.0,8.8,23.6,32.4,11.2,5.9,2.5,11.5,17.1,66.2
44,2023-24,Baylor,24,35,24,11,.686,204.3,27.6,57.2,19.0,35.1,8.6,22.1,16.5,22.6,11.4,23.7,35.1,14.7,6.7,3.1,12.0,16.5,80.4,25.8,56.8,19.0,36.5,6.8,20.2,12.7,17.2,8.8,20.4,29.2,13.7,7.0,3.4,11.8,19.0,71.1
45,2023-24,UC Irvine,24,34,24,10,.706,201.5,28.4,59.9,22.6,43.2,5.8,16.6,14.9,19.9,10.6,27.3,37.9,15.6,6.4,3.3,11.6,18.4,77.6,24.0,58.4,18.1,40.6,5.9,17.7,14.3,20.1,10.1,22.9,32.9,11.7,5.7,3.7,12.4,17.8,68.3
46,2023-24,Clemson,24,36,24,12,.667,201.4,27.5,58.8,19.3,35.3,8.2,23.4,14.1,18.1,9.1,27.3,36.3,14.8,4.6,3.8,10.1,16.3,77.4,24.6,59.4,16.5,35.0,8.1,24.4,13.9,19.1,9.9,24.2,34.1,11.0,6.1,2.5,9.5,15.9,71.2
47,2023-24,Fairfield,24,37,24,13,.649,200.0,26.8,60.0,17.5,34.5,9.2,25.5,12.7,16.8,9.9,23.5,33.5,13.4,8.5,2.2,10.6,14.4,75.5,26.7,58.3,19.4,36.9,7.3,21.4,10.4,14.8,10.1,25.0,35.1,13.4,5.7,2.9,13.9,15.3,71.0
48,2023-24,Florida,24,36,24,12,.667,203.5,29.9,65.3,22.1,42.8,7.8,22.6,17.9,25.1,14.6,27.6,42.3,15.2,6.7,5.3,11.7,18.4,85.6,28.3,64.2,21.5,43.4,6.8,20.8,15.9,22.4,11.2,24.6,35.8,12.0,7.5,4.0,10.8,19.4,79.2
49,2023-24,Montana,24,36,24,12,.667,201.4,28.0,57.6,20.3,36.1,7.7,21.5,13.3,16.7,8.3,25.8,34.1,14.9,4.8,3.0,10.3,16.7,76.9,25.7,57.9,19.5,39.2,6.3,18.7,14.1,19.6,9.2,23.4,32.6,11.1,5.8,3.0,9.7,16.0,71.8
50,2023-24,Norfolk State,24,35,24,11,.686,200.7,25.9,56.5,19.6,37.8,6.4,18.7,16.3,22.5,11.0,23.5,34.4,12.5,8.8,3.1,12.1,18.6,74.5,21.8,53.3,13.6,29.3,8.1,24.1,15.9,21.9,10.4,22.7,33.1,13.3,5.9,3.0,15.4,18.4,67.5
51,2023-24,Oakland,24,36,24,12,.667,203.5,26.8,60.2,18.0,35.3,8.8,24.9,13.9,18.5,10.6,25.3,35.9,14.5,6.6,2.8,11.0,15.1,76.4,26.4,60.4,18.1,35.7,8.4,24.7,12.0,16.3,10.3,24.4,34.7,16.5,6.0,3.0,11.2,16.5,73.2
52,2023-24,Oregon,24,36,24,12,.667,201.9,27.3,59.6,20.0,38.0,7.3,21.6,13.7,19.1,9.9,24.5,34.4,13.8,7.2,3.6,10.2,16.4,75.6,25.8,57.2,18.4,36.1,7.4,21.1,13.4,18.5,9.2,24.8,33.9,13.1,5.3,3.5,12.3,17.5,72.3
53,2023-24,Princeton,24,29,24,5,.828,200.0,26.8,58.4,16.3,29.0,10.5,29.4,13.0,16.1,8.4,24.9,33.3,14.6,6.0,1.9,8.2,13.5,77.1,24.8,55.7,17.7,34.0,7.1,21.7,10.0,13.9,7.7,24.3,32.0,12.0,4.7,2.8,11.1,16.1,66.6
54,2023-24,Quinnipiac,24,34,24,10,.706,200.7,27.6,61.4,20.1,40.2,7.5,21.3,14.7,19.0,10.9,26.1,36.9,14.1,7.6,3.7,12.4,16.2,77.4,25.7,61.0,18.1,38.4,7.6,22.6,12.3,17.4,9.9,23.5,33.4,13.2,6.8,4.0,12.9,15.6,71.2
55,2023-24,VCU,24,38,24,14,.632,201.3,23.8,54.2,15.4,30.2,8.5,24.0,14.8,19.0,9.0,26.1,35.2,13.6,6.5,4.4,12.2,16.4,71.0,22.9,56.3,16.1,34.4,6.8,21.9,14.1,19.2,9.6,23.5,33.1,11.3,7.1,2.3,11.2,16.8,66.7
56,2023-24,UAB,23,35,23,12,.657,202.9,26.8,59.6,20.6,40.8,6.1,18.8,17.8,23.8,12.9,25.1,38.0,13.5,6.7,4.5,11.6,15.9,77.5,26.9,60.6,19.3,38.4,7.7,22.3,13.5,18.7,11.3,23.4,34.7,13.2,7.1,4.1,11.5,18.7,75.1
57,2023-24,Bradley,23,35,23,12,.657,202.1,26.9,57.1,18.2,33.3,8.7,23.9,11.4,15.7,9.3,25.4,34.7,13.2,7.1,4.1,12.1,16.5,74.1,23.0,55.9,16.0,34.5,7.0,21.4,14.1,19.7,9.8,23.2,33.0,11.4,6.7,2.1,12.5,15.4,67.1
58,2023-24,Brigham Young,23,34,23,11,.676,200.0,29.2,63.4,18.1,31.4,11.1,32.0,11.9,16.1,11.9,27.6,39.5,18.5,5.9,3.0,10.7,17.7,81.4,25.2,58.9,18.8,38.9,6.4,20.0,13.2,18.9,9.0,24.4,33.4,11.9,6.1,2.4,11.2,15.3,69.9
59,2023-24,Purdue Fort Wayne,23,36,23,13,.639,201.4,29.0,62.0,19.5,35.8,9.4,26.2,12.8,18.2,8.4,24.2,32.6,13.6,9.2,3.1,10.4,17.0,80.2,25.8,57.8,19.0,36.4,6.8,21.4,13.1,18.5,9.8,27.2,36.9,13.0,5.6,3.0,16.1,16.3,71.6
60,2023-24,Kansas,23,34,23,11,.676,200.7,28.2,57.9,22.5,40.6,5.7,17.3,13.4,18.5,8.2,27.9,36.1,19.0,7.1,3.9,11.7,14.8,75.6,24.8,60.4,16.3,35.5,8.5,25.0,11.9,17.0,9.9,23.8,33.7,12.9,6.8,2.8,11.6,16.1,69.9
61,2023-24,Kentucky,23,33,23,10,.697,202.3,32.0,64.6,22.1,40.4,9.9,24.2,15.2,19.7,10.1,27.5,37.6,17.5,7.5,6.3,10.7,17.5,89.0,27.8,64.8,19.2,38.8,8.6,26.0,15.5,21.7,12.1,24.8,36.8,14.5,6.4,3.5,11.8,17.0,79.7
62,2023-24,Loyola Chicago,23,33,23,10,.697,201.5,25.9,57.6,17.6,34.1,8.3,23.5,13.0,19.1,9.6,27.2,36.8,16.6,7.1,5.0,12.8,19.5,73.1,22.6,56.3,15.7,36.1,6.9,20.2,15.3,20.8,9.0,24.6,33.6,11.2,6.7,4.2,12.5,17.2,67.5
63,2023-24,Nebraska,23,34,23,11,.676,202.2,26.8,59.3,17.4,33.1,9.4,26.3,14.7,19.4,9.6,28.1,37.6,15.3,6.3,2.6,11.1,15.9,77.7,25.1,62.8,16.6,36.8,8.5,26.0,12.2,17.4,12.2,25.1,37.3,13.2,6.1,3.7,11.4,16.2,70.9
64,2023-24,Richmond,23,33,23,10,.697,200.8,26.5,57.2,19.2,37.0,7.3,20.2,11.6,15.8,5.7,27.1,32.8,13.2,6.7,2.9,8.6,14.2,71.9,23.7,58.5,16.2,34.7,7.5,23.8,11.4,15.6,9.8,27.3,37.1,11.4,4.6,2.8,11.5,15.1,66.3
65,2023-24,San Francisco,23,34,23,11,.676,201.5,29.3,60.1,20.6,35.9,8.6,24.3,10.6,14.0,9.4,24.7,34.1,16.3,8.2,3.4,11.5,18.3,77.7,22.8,53.4,16.0,33.0,6.8,20.4,14.1,20.1,7.8,22.5,30.3,11.1,5.5,2.0,13.9,14.9,66.5
66,2023-24,Seattle,23,37,23,14,.622,204.1,25.8,57.9,18.2,36.0,7.6,21.9,14.5,19.7,10.1,26.9,37.0,13.0,5.8,2.9,12.7,18.5,73.8,23.5,57.2,17.9,37.7,5.7,19.5,14.0,20.0,9.0,23.7,32.7,11.1,6.5,3.2,12.4,18.2,66.8
67,2023-24,Texas Tech,23,34,23,11,.676,200.7,25.8,57.1,17.3,33.5,8.5,23.6,15.2,19.5,9.9,25.0,34.9,14.7,6.0,2.5,11.1,14.9,75.3,25.4,59.1,18.1,36.3,7.4,22.8,11.5,16.1,10.9,22.9,33.8,12.0,5.9,3.4,11.4,17.1,69.6
68,2023-24,Virginia,23,34,23,11,.676,202.2,23.8,55.5,17.3,37.4,6.5,18.1,8.9,14.0,8.8,23.8,32.6,15.0,7.0,5.0,8.1,13.5,62.9,21.5,53.1,15.1,32.1,6.4,21.0,10.3,13.7,9.3,25.4,34.7,11.2,5.0,3.2,12.0,13.1,59.8
69,2023-24,Yale,23,33,23,10,.697,203.0,27.8,59.7,20.5,38.8,7.3,20.8,11.7,16.5,9.9,26.6,36.5,15.0,6.2,3.2,9.6,15.1,74.7,23.9,56.8,15.8,33.0,8.0,23.8,11.7,15.8,8.3,24.3,32.6,13.7,5.5,3.4,11.1,16.1,67.5
70,2023-24,Boise State,22,33,22,11,.667,201.5,26.0,58.0,18.2,35.0,7.8,23.0,15.3,20.8,11.6,25.7,37.3,12.2,5.7,2.4,11.1,16.7,75.1,24.1,55.1,17.8,34.8,6.3,20.3,12.8,17.6,7.3,22.5,29.8,11.7,5.8,3.7,11.4,17.5,67.3
71,2023-24,Cincinnati,22,37,22,15,.595,202.7,27.6,62.4,20.1,39.5,7.6,22.9,11.9,17.2,13.3,26.2,39.5,14.6,6.5,4.4,12.0,15.0,74.7,24.3,58.1,17.5,37.9,6.8,20.2,12.7,16.9,8.9,23.4,32.2,13.0,6.7,3.6,12.0,15.7,68.2
72,2023-24,Cornell,22,30,22,8,.733,200.0,29.8,61.2,19.5,31.5,10.3,29.7,12.1,16.7,9.6,25.9,35.4,18.1,8.3,2.6,12.2,18.3,82.1,26.9,60.9,18.4,35.6,8.4,25.3,12.5,19.5,11.6,24.1,35.6,14.3,6.7,3.0,13.4,15.8,74.7
73,2023-24,Louisiana Tech,22,32,22,10,.688,201.6,25.7,56.3,18.6,36.5,7.2,19.8,16.2,23.1,11.8,27.1,38.9,12.6,7.5,5.0,12.4,15.6,74.8,22.4,57.3,15.4,36.4,6.9,20.8,12.8,18.1,10.5,22.3,32.8,10.2,6.9,3.0,12.7,18.4,64.5
74,2023-24,UMass Lowell,22,32,22,10,.688,201.6,28.5,60.1,22.7,42.4,5.8,17.7,17.2,23.3,11.5,29.3,40.8,12.7,6.9,4.9,13.3,15.0,80.0,26.6,64.2,20.3,42.3,6.3,21.9,11.2,16.2,10.4,22.9,33.3,11.3,7.9,3.7,11.8,18.8,70.7
75,2023-24,Memphis,22,32,22,10,.688,201.6,28.0,61.0,19.7,37.3,8.3,23.7,16.1,22.2,12.0,25.1,37.0,13.7,8.6,4.5,13.1,17.2,80.5,26.7,62.5,17.7,35.8,9.1,26.7,13.3,18.5,12.7,23.8,36.5,14.3,7.2,4.3,13.8,18.5,75.8
76,2023-24,UNC Asheville,22,34,22,12,.647,202.2,26.6,57.4,18.5,35.0,8.1,22.3,17.4,23.5,9.4,25.4,34.8,15.7,6.0,4.3,11.9,17.1,78.9,26.0,60.4,18.9,38.5,7.1,21.9,14.0,19.8,11.4,24.0,35.4,12.3,6.2,3.1,12.8,19.9,73.1
77,2023-24,Northwestern,22,34,22,12,.647,203.7,26.2,57.6,18.1,36.7,8.2,21.0,12.7,16.9,8.5,22.9,31.4,15.6,7.0,3.1,8.8,17.6,73.3,23.7,52.6,16.9,32.9,6.8,19.6,14.9,20.6,8.8,24.6,33.4,14.0,4.9,3.9,12.4,16.7,69.1
78,2023-24,Ohio State,22,36,22,14,.611,202.2,26.6,59.1,19.5,38.6,7.1,20.4,15.3,19.9,10.9,26.1,37.1,14.1,5.6,4.6,10.6,17.0,75.5,25.4,59.3,18.4,39.3,6.9,19.9,12.6,17.7,10.4,23.9,34.3,11.9,5.1,2.7,10.8,18.2,70.2
79,2023-24,Pittsburgh,22,33,22,11,.667,200.0,26.5,60.6,16.8,33.7,9.6,26.9,13.1,18.5,11.4,25.7,37.1,13.7,6.3,4.5,9.0,15.5,75.6,24.0,55.8,17.4,34.2,6.6,21.5,12.9,17.0,8.0,25.3,33.3,12.4,5.0,3.5,11.1,16.8,67.6
80,2023-24,South Dakota State,22,35,22,13,.629,201.4,27.9,58.0,19.3,34.5,8.6,23.5,12.0,16.9,8.3,27.2,35.4,12.9,6.1,3.2,11.3,14.3,76.4,25.0,59.4,15.3,31.5,9.7,27.9,11.3,15.3,8.9,24.7,33.5,12.4,6.8,2.9,11.3,17.2,71.1
81,2023-24,Stetson,22,35,22,13,.629,200.7,27.1,58.7,18.2,34.2,8.9,24.5,13.5,17.7,9.7,25.1,34.7,13.3,5.3,3.1,10.5,14.7,76.8,27.3,61.9,19.5,38.4,7.9,23.5,10.7,15.0,11.1,23.5,34.7,13.8,5.9,2.6,9.6,16.6,73.3
82,2023-24,Utah,22,37,22,15,.595,202.0,29.2,62.4,19.9,37.2,9.3,25.2,11.0,16.9,10.0,28.9,38.9,17.7,5.9,4.2,11.5,15.9,78.8,27.1,63.4,19.3,40.3,7.8,23.1,11.3,16.5,10.1,26.3,36.3,13.9,6.4,3.2,10.1,16.7,73.2
83,2023-24,Western Carolina,22,32,22,10,.688,202.3,28.2,61.3,20.0,39.1,8.2,22.3,12.3,17.3,10.5,29.2,39.7,11.5,4.4,3.2,10.3,16.8,76.8,24.7,60.4,18.4,41.3,6.3,19.1,13.1,18.6,9.5,25.1,34.6,8.9,5.3,2.8,9.7,16.3,68.7
84,2023-24,Western Kentucky,22,34,22,12,.647,200.2,29.3,62.9,22.4,42.7,6.9,20.2,14.8,20.6,10.6,29.3,39.9,13.4,7.6,3.2,13.8,18.4,80.2,26.1,63.1,17.9,37.3,8.2,25.8,13.9,20.2,10.6,25.9,36.6,13.1,7.3,4.3,14.1,17.9,74.4
85,2023-24,Wisconsin,22,36,22,14,.611,202.1,26.4,57.4,19.3,37.0,7.1,20.4,14.7,19.4,10.1,23.9,34.0,12.7,6.2,1.6,9.9,16.5,74.7,24.9,54.5,18.0,35.8,6.9,18.7,13.3,18.4,7.7,23.2,30.9,11.8,5.0,4.0,11.3,18.3,70.0
86,2023-24,Youngstown State,22,32,22,10,.688,201.6,29.1,64.5,20.3,37.3,8.8,27.3,14.2,18.4,12.8,27.2,40.0,15.3,6.2,4.9,11.0,16.3,81.2,25.7,61.4,18.2,38.9,7.5,22.6,12.1,17.3,10.5,23.8,34.3,14.1,6.0,2.9,12.0,17.1,70.9
87,2023-24,Little Rock,21,34,21,13,.618,201.5,28.1,59.5,21.8,41.0,6.4,18.5,14.6,19.5,10.9,25.7,36.6,14.8,6.0,4.7,12.3,17.5,77.3,24.8,59.2,17.5,36.5,7.3,22.7,15.5,20.9,11.1,23.2,34.3,12.1,5.6,3.0,12.5,16.9,72.5
88,2023-24,UC San Diego,21,33,21,12,.636,202.3,26.8,58.6,17.9,33.8,8.9,24.8,14.2,18.9,9.6,25.2,34.8,13.0,6.2,2.8,9.7,16.1,76.7,25.4,57.9,18.4,36.9,7.0,21.0,11.7,16.3,9.5,24.6,34.1,12.5,4.6,3.5,11.5,17.4,69.4
89,2023-24,Chattanooga,21,33,21,12,.636,202.3,27.0,58.0,16.5,28.6,10.6,29.4,13.6,18.2,9.2,27.3,36.5,13.5,6.3,3.7,11.9,15.9,78.2,25.8,61.8,16.9,35.7,8.8,26.1,11.2,16.5,10.8,23.5,34.3,12.4,6.5,2.7,10.4,16.1,71.6
90,2023-24,Cleveland State,21,36,21,15,.583,201.4,27.9,62.4,21.5,43.0,6.4,19.4,13.2,19.8,12.6,22.6,35.2,13.3,8.3,3.9,10.3,18.3,75.5,25.8,56.9,19.3,35.1,6.5,21.8,14.7,20.9,11.8,24.9,36.7,13.0,5.4,3.1,13.8,16.7,72.8
91,2023-24,Eastern Washington,21,32,21,11,.656,200.8,27.9,55.7,19.4,32.3,8.5,23.4,16.4,21.3,8.1,25.8,33.8,17.6,6.0,3.6,13.2,18.1,80.8,26.1,59.8,17.3,35.3,8.8,24.4,14.2,19.1,9.5,22.0,31.5,13.6,6.8,2.5,12.0,19.4,75.2
92,2023-24,Grambling State,21,36,21,15,.583,202.5,23.9,54.3,18.8,39.1,5.1,15.2,14.8,20.8,9.6,22.6,32.2,9.8,7.4,3.2,13.1,16.0,67.7,24.8,56.7,18.0,37.2,6.7,19.5,13.4,18.4,10.8,22.6,33.4,13.8,7.1,2.9,12.8,16.3,69.6
93,2023-24,Long Beach State,21,36,21,15,.583,201.4,27.6,62.2,22.2,44.5,5.4,17.7,16.8,23.8,12.5,26.4,38.9,15.3,7.9,4.2,12.6,17.2,77.4,26.4,61.3,17.1,34.4,9.3,26.9,13.8,19.1,10.8,25.0,35.8,15.6,7.1,2.7,13.6,20.2,76.0
94,2023-24,Longwood,21,35,21,14,.600,202.9,26.6,58.7,20.9,41.8,5.7,16.9,15.8,23.0,13.4,24.9,38.4,12.7,7.0,2.5,12.7,18.3,74.7,23.9,54.3,16.4,32.6,7.5,21.7,13.1,19.1,8.1,21.6,29.7,11.9,6.4,2.9,13.6,19.4,68.5
95,2023-24,Merrimack,21,33,21,12,.636,201.5,24.1,55.0,16.8,31.4,7.3,23.6,13.7,18.8,7.9,23.5,31.3,12.4,9.8,3.7,13.2,16.1,69.2,23.7,56.8,18.1,38.8,5.6,17.9,12.4,17.7,12.3,25.6,37.9,13.4,6.9,3.1,16.2,16.8,65.4
96,2023-24,Mississippi State,21,35,21,14,.600,200.7,26.2,57.9,19.0,35.6,7.2,22.3,14.5,21.7,12.5,25.6,38.1,14.0,8.1,3.1,13.0,16.6,74.1,24.1,57.6,17.1,33.9,7.1,23.7,13.8,18.3,9.9,22.7,32.6,11.7,7.3,3.8,12.7,18.0,69.1
97,2023-24,UNLV,21,34,21,13,.618,202.9,26.6,57.6,19.9,37.5,6.8,20.1,13.5,18.6,10.3,23.9,34.2,13.2,6.1,4.5,11.1,15.9,73.6,24.6,57.5,17.4,35.2,7.1,22.3,12.6,16.7,10.6,23.1,33.8,14.4,6.1,3.4,12.4,16.6,68.9
98,2023-24,UNC Greensboro,21,32,21,11,.656,201.6,27.0,58.7,17.0,33.3,10.1,25.4,11.6,15.8,10.0,25.4,35.4,14.8,7.0,2.5,10.9,17.2,75.7,23.4,57.1,15.1,32.0,8.3,25.1,14.7,19.8,10.3,23.5,33.8,11.2,5.8,2.7,11.6,16.0,69.8
99,2023-24,UNC Wilmington,21,31,21,10,.677,203.2,27.8,60.4,19.5,36.5,8.3,23.9,15.4,20.3,10.6,23.7,34.4,12.2,6.5,2.4,8.6,17.0,79.4,25.5,56.8,18.3,36.0,7.3,20.8,12.6,18.1,10.4,24.4,34.7,11.1,4.0,2.7,12.4,18.0,71.0
100,2023-24,Providence,21,35,21,14,.600,202.1,25.5,57.5,17.2,32.0,8.3,25.5,13.2,18.3,9.2,26.7,35.9,13.6,6.4,4.6,12.1,15.8,72.4,24.9,59.8,17.9,39.4,7.0,20.4,11.9,16.6,10.3,24.9,35.1,10.9,6.7,2.9,11.7,17.3,68.8
101,2023-24,Saint Joseph's,21,35,21,14,.600,201.4,26.5,59.5,16.5,31.1,10.0,28.5,12.4,17.1,10.1,25.7,35.8,14.7,7.1,3.8,11.5,15.3,75.5,24.9,59.4,16.6,34.2,8.3,25.3,12.3,17.1,10.6,24.5,35.1,13.7,6.9,4.0,12.2,15.9,70.5
102,2023-24,Sam Houston State,21,33,21,12,.636,201.5,25.1,59.0,17.7,37.9,7.4,21.1,14.5,20.1,11.9,26.1,38.0,12.9,6.8,2.3,13.2,18.1,72.2,24.1,56.4,17.1,34.4,7.0,22.0,14.1,20.5,9.6,24.7,34.3,12.5,7.0,4.0,13.5,17.9,69.2
103,2023-24,UT Martin,21,32,21,11,.656,201.6,28.4,63.9,19.7,39.6,8.7,24.3,16.1,20.8,10.2,31.1,41.2,13.0,6.2,2.8,11.4,14.2,81.5,28.3,67.8,19.3,40.1,9.0,27.7,11.2,15.6,10.8,27.3,38.1,14.2,6.8,4.1,10.6,17.4,76.7
104,2023-24,Texas,21,34,21,13,.618,200.7,27.4,58.5,20.2,38.1,7.2,20.3,13.4,17.6,10.0,24.7,34.7,15.1,7.2,4.4,11.6,17.3,75.4,24.3,57.1,18.0,38.3,6.3,18.7,14.0,19.4,10.6,23.4,34.1,11.5,6.3,3.4,12.9,16.3,68.9
105,2023-24,Texas A&M,21,36,21,15,.583,201.4,25.7,64.0,18.6,39.9,7.1,24.1,17.5,24.7,17.4,25.4,42.8,11.4,6.9,3.0,9.6,17.0,76.0,24.9,58.2,16.1,32.1,8.8,26.1,13.3,18.6,9.9,23.8,33.7,14.8,5.3,5.3,11.4,19.7,72.0
106,2023-24,Texas A&Mâ€“Corpus Christi,21,33,21,12,.636,202.3,26.9,62.0,21.4,43.3,5.5,18.7,15.7,22.4,13.3,27.0,40.2,14.7,8.8,2.9,12.1,20.9,75.2,21.6,53.2,15.7,33.6,5.9,19.6,17.5,24.7,8.5,25.1,33.6,10.9,6.8,4.1,15.0,18.4,66.7
107,2023-24,TCU,21,34,21,13,.618,202.9,28.4,61.4,21.8,42.9,6.6,18.6,15.7,21.5,12.7,24.4,37.1,16.9,9.0,3.8,12.9,17.4,79.0,25.5,56.8,18.9,36.9,6.6,19.9,14.1,20.1,9.7,22.8,32.4,14.5,6.9,3.9,14.7,17.6,71.7
108,2023-24,Wake Forest,21,35,21,14,.600,201.4,27.7,58.3,19.7,36.5,7.9,21.8,14.8,18.7,8.5,25.7,34.2,12.3,5.9,4.1,10.7,15.5,78.1,25.3,58.4,18.4,37.7,6.9,20.7,13.2,17.6,8.9,23.6,32.6,10.8,5.9,3.5,11.3,17.6,70.7
109,2023-24,Western Illinois,21,33,21,12,.636,201.5,25.0,58.7,19.1,40.2,5.9,18.5,12.9,20.9,14.6,27.7,42.3,12.8,5.2,5.6,13.2,14.2,68.8,24.8,61.2,19.2,42.2,5.6,19.0,10.4,14.4,10.5,23.5,34.0,10.7,7.4,3.2,10.1,17.4,65.7
110,2023-24,Arkansas State,20,37,20,17,.541,200.7,27.6,62.5,18.4,35.7,9.2,26.8,14.4,20.6,13.2,25.1,38.4,14.5,5.6,4.4,11.2,17.4,78.8,27.6,60.4,21.9,44.1,5.7,16.3,16.0,21.0,10.2,25.1,35.2,11.2,7.0,4.3,10.0,16.5,77.0
111,2023-24,Belmont,20,33,20,13,.606,200.8,27.9,58.8,18.8,34.2,9.1,24.6,12.9,17.8,7.2,27.1,34.2,15.3,7.5,3.1,12.2,15.5,77.9,27.7,62.6,19.5,37.6,8.2,25.1,12.0,16.6,10.2,26.0,36.2,14.9,6.7,2.9,12.1,16.4,75.5
112,2023-24,Boston College,20,36,20,16,.556,201.4,27.3,59.9,19.0,36.9,8.3,22.9,11.2,15.0,9.4,25.9,35.3,14.1,5.9,3.4,10.4,15.7,74.1,25.9,58.9,18.2,36.7,7.7,22.3,12.4,16.5,9.3,25.1,34.3,13.2,6.3,3.4,10.7,15.0,71.9
113,2023-24,Bowling Green,20,34,20,14,.588,203.7,25.9,60.1,19.6,38.7,6.4,21.5,15.4,21.5,11.4,26.6,38.0,11.3,6.5,2.8,11.5,15.7,73.6,26.4,59.6,19.0,39.1,7.5,20.6,10.6,15.7,8.9,25.9,34.8,12.4,6.3,3.7,11.9,17.9,71.0
114,2023-24,Bryant,20,33,20,13,.606,201.5,28.9,63.2,20.6,38.8,8.3,24.4,12.6,18.9,7.8,29.9,37.8,14.8,7.0,6.5,11.9,16.9,78.7,26.5,66.8,19.2,43.4,7.3,23.4,15.1,21.6,12.9,29.6,42.5,12.3,7.3,3.2,12.6,17.2,75.4
115,2023-24,UC Davis,20,33,20,13,.606,201.5,24.2,54.8,17.2,34.1,7.0,20.7,15.8,21.2,9.9,23.5,33.4,12.5,7.8,3.5,13.5,19.2,71.2,23.5,54.6,17.7,36.4,5.8,18.2,15.2,20.7,10.2,23.5,33.8,11.4,6.8,2.8,14.6,18.8,68.1
116,2023-24,Central Connecticut State,20,31,20,11,.645,201.6,26.1,58.0,19.4,37.2,6.7,20.8,13.2,18.6,9.6,26.2,35.8,14.3,7.5,4.8,11.3,13.6,72.2,24.6,58.4,17.7,37.9,6.9,20.5,10.3,15.3,9.7,24.2,33.9,13.5,6.7,3.2,12.8,15.7,66.5
117,2023-24,Drexel,20,32,20,12,.625,202.3,26.9,58.9,20.2,39.3,6.8,19.6,12.8,17.7,11.5,27.6,39.2,12.7,5.0,4.0,10.8,15.3,73.3,24.5,58.6,18.0,37.9,6.5,20.7,11.0,15.6,8.8,22.5,31.2,10.8,5.5,3.1,9.0,16.1,66.6
118,2023-24,George Mason,20,32,20,12,.625,200.0,24.7,53.8,17.9,33.8,6.8,19.9,14.8,19.9,10.1,25.9,36.0,11.4,5.5,3.4,11.8,16.5,71.0,22.6,56.0,14.4,32.5,8.2,23.5,12.6,17.5,9.8,21.7,31.5,11.7,6.8,3.6,10.7,17.7,65.9
119,2023-24,Georgia,20,37,20,17,.541,200.7,25.5,59.3,17.4,35.5,8.1,23.9,15.6,21.7,9.9,25.8,35.6,11.8,6.4,3.3,11.4,16.2,74.7,27.0,61.9,19.4,38.8,7.6,23.0,13.1,18.1,11.3,26.7,38.0,14.6,6.4,4.3,11.4,18.0,74.7
120,2023-24,Hawaii,20,34,20,14,.588,202.2,24.8,54.1,17.0,31.3,7.8,22.8,14.9,20.8,8.4,25.5,34.0,12.2,4.6,2.6,12.4,17.5,72.3,25.3,56.9,20.8,42.3,4.5,14.6,13.6,18.8,8.4,23.5,31.9,9.3,6.2,2.4,10.9,18.3,68.7
121,2023-24,Hofstra,20,33,20,13,.606,200.8,27.4,58.1,17.4,31.2,10.0,27.0,9.4,12.5,7.7,25.1,32.8,15.4,6.2,3.5,10.4,14.5,74.2,23.8,57.5,15.5,33.4,8.3,24.1,12.5,16.5,10.4,24.9,35.3,12.8,5.5,2.5,12.0,14.1,68.5
122,2023-24,Lipscomb,20,32,20,12,.625,200.0,30.0,60.8,20.7,36.4,9.3,24.4,12.8,16.7,7.6,25.6,33.3,14.5,6.1,3.4,10.0,12.9,82.1,28.9,63.0,20.6,39.4,8.4,23.6,10.3,14.3,10.1,24.7,34.8,12.1,5.1,3.6,11.5,15.4,76.5
123,2023-24,Massachusetts,20,31,20,11,.645,200.8,27.7,61.4,20.9,39.9,6.7,21.5,15.4,22.0,13.4,24.9,38.3,15.6,7.6,3.0,11.1,18.7,77.5,23.8,56.6,16.5,34.9,7.3,21.7,15.8,21.9,10.7,23.2,34.0,13.1,6.2,3.3,13.1,18.3,70.7
124,2023-24,Michigan State,20,35,20,15,.571,200.7,27.1,58.8,20.6,40.9,6.5,17.9,12.2,17.2,10.1,24.6,34.7,15.9,7.1,3.8,10.0,16.6,72.9,22.9,55.4,15.3,32.3,7.5,23.0,12.8,17.9,9.8,23.8,33.6,12.5,5.3,3.2,12.3,16.8,66.1
125,2023-24,Milwaukee,20,35,20,15,.571,203.6,28.0,62.8,20.1,38.2,7.9,24.6,15.6,21.4,13.5,25.5,39.0,14.2,5.9,4.4,12.5,18.1,79.5,27.5,62.7,19.3,38.8,8.2,23.9,15.5,20.7,11.8,24.1,35.9,15.4,7.0,4.3,11.5,18.2,78.7
126,2023-24,Ole Miss,20,32,20,12,.625,200.0,26.2,58.6,18.7,38.0,7.5,20.6,15.0,20.6,10.4,23.1,33.5,15.1,7.8,5.8,10.8,16.3,74.9,26.3,59.9,18.9,37.8,7.5,22.1,13.8,19.3,13.1,24.0,37.1,14.6,6.6,3.0,12.4,17.3,73.9
127,2023-24,Nicholls State,20,34,20,14,.588,206.7,25.0,56.1,16.6,33.3,8.4,22.9,15.6,21.5,9.6,25.7,35.3,11.4,6.7,4.1,13.2,18.7,73.9,25.9,59.6,19.1,38.2,6.7,21.4,15.5,22.9,11.9,25.0,36.8,12.8,7.6,3.7,11.4,17.4,73.9
128,2023-24,Ohio,20,33,20,13,.606,202.3,27.3,60.2,18.4,35.2,8.9,25.1,13.8,18.9,10.1,24.8,34.9,14.1,7.1,3.6,9.7,17.0,77.3,24.5,57.7,17.3,36.0,7.2,21.7,13.7,19.7,11.4,24.9,36.3,11.0,5.0,3.5,13.7,17.0,70.0
129,2023-24,Oklahoma,20,32,20,12,.625,201.6,26.1,56.2,18.6,34.5,7.5,21.6,15.7,21.2,9.7,25.5,35.2,13.3,5.9,3.3,12.5,16.1,75.4,24.4,58.0,18.3,37.3,6.2,20.7,13.7,18.1,9.1,22.5,31.5,11.7,7.3,3.6,11.4,17.9,68.8
130,2023-24,Santa Clara,20,33,20,13,.606,200.8,27.6,60.1,19.4,36.9,8.2,23.2,13.4,18.8,12.0,27.2,39.3,15.1,4.8,2.7,12.8,17.7,76.9,25.5,60.1,18.6,37.9,7.0,22.2,14.2,20.1,9.5,22.8,32.3,12.5,7.0,2.5,10.2,17.7,72.2
131,2023-24,SMU,20,33,20,13,.606,200.8,28.3,63.3,20.7,41.0,7.6,22.3,12.6,18.4,14.5,25.3,39.8,15.7,8.4,4.8,11.3,17.1,76.8,24.0,58.2,17.3,37.0,6.7,21.2,14.0,19.6,11.5,23.3,34.7,13.6,7.2,5.1,13.0,15.2,68.8
132,2023-24,St. Bonaventure,20,33,20,13,.606,202.3,25.8,56.7,18.2,35.9,7.6,20.8,14.2,18.3,9.7,23.2,32.9,12.5,6.6,3.9,10.8,16.8,73.5,24.2,54.5,16.8,32.3,7.4,22.2,12.8,18.5,9.2,22.9,32.1,14.0,5.0,2.9,12.9,16.0,68.6
133,2023-24,St. John's (NY),20,33,20,13,.606,200.0,29.4,64.8,22.2,43.7,7.2,21.1,12.9,17.7,14.4,24.3,38.8,15.7,7.0,5.5,10.9,18.0,78.8,25.0,57.7,17.7,37.0,7.2,20.7,14.8,19.8,10.6,22.9,33.5,13.5,6.3,3.3,12.9,15.8,71.9
134,2023-24,St. Thomas,20,33,20,13,.606,200.8,26.0,55.3,17.0,30.2,9.1,25.1,11.7,16.0,7.7,23.4,31.1,13.7,6.2,2.2,9.2,15.8,72.8,23.5,52.7,16.7,32.0,6.8,20.7,10.9,15.2,7.8,23.3,31.1,11.6,4.9,2.4,12.0,16.1,64.8
135,2023-24,Stony Brook,20,35,20,15,.571,204.3,26.3,60.0,18.4,37.9,7.9,22.1,13.0,17.5,9.6,27.0,36.6,12.1,6.0,3.2,10.3,15.2,73.5,25.9,61.4,17.0,35.6,8.9,25.7,11.5,16.6,11.0,26.1,37.1,14.8,6.0,2.5,10.6,15.5,72.3
136,2023-24,Syracuse,20,32,20,12,.625,200.0,27.6,59.8,20.8,39.5,6.8,20.3,14.3,19.8,8.7,24.6,33.3,13.8,9.1,4.0,11.4,15.4,76.3,28.1,61.4,20.3,38.5,7.8,22.9,11.6,16.0,11.3,26.3,37.6,14.3,6.3,2.9,14.5,16.0,75.6
137,2023-24,UT Arlington,20,34,20,14,.588,200.7,25.9,58.3,16.9,32.9,9.0,25.3,16.1,22.0,11.9,25.6,37.5,15.8,7.1,3.8,15.5,20.8,76.9,24.4,57.7,17.3,37.4,7.1,20.3,17.5,23.7,10.5,23.1,33.6,13.4,7.5,3.6,13.7,19.6,73.3
138,2023-24,Toledo,20,32,20,12,.625,201.6,28.8,60.2,22.3,43.0,6.5,17.2,16.0,21.3,9.9,23.8,33.8,13.4,7.3,2.0,10.7,15.6,80.0,28.6,59.7,21.1,37.5,7.6,22.2,11.3,15.6,9.6,24.0,33.6,13.6,6.0,4.3,13.1,18.0,76.1
139,2023-24,Towson,20,34,20,14,.588,202.2,24.1,56.9,17.7,37.5,6.4,19.4,13.1,19.8,14.4,24.9,39.3,11.2,6.2,4.2,12.1,16.6,67.5,22.6,53.9,16.1,34.0,6.5,19.9,11.8,17.0,9.1,21.7,30.9,10.7,6.3,3.4,11.0,15.9,63.6
140,2023-24,Troy,20,32,20,12,.625,203.1,26.8,60.9,18.2,36.3,8.6,24.6,17.3,23.5,13.3,25.1,38.4,13.7,10.3,3.3,13.8,19.1,79.6,24.3,56.7,17.6,37.7,6.7,19.0,15.4,22.1,10.6,23.7,34.3,10.8,8.1,4.0,15.5,18.3,70.7
141,2023-24,Weber State,20,32,20,12,.625,201.6,26.3,56.2,18.5,33.6,7.8,22.5,14.9,19.9,7.8,24.3,32.0,12.2,6.9,1.7,9.9,15.5,75.4,25.0,54.5,18.1,34.6,6.9,19.9,10.7,15.2,7.3,24.8,32.2,12.8,5.1,2.7,12.7,17.6,67.5
142,2023-24,Austin Peay,19,35,19,16,.543,203.6,26.9,60.1,19.0,38.2,7.9,21.9,13.1,18.6,10.8,23.1,33.9,11.1,7.1,2.7,8.8,17.6,74.8,26.0,56.2,19.4,35.8,6.6,20.4,14.6,20.6,10.3,25.2,35.5,12.1,4.3,3.4,11.4,15.9,73.2
143,2023-24,Cal State Northridge,19,34,19,15,.559,200.7,27.6,60.7,22.8,44.9,4.9,15.8,14.9,22.3,11.8,28.2,40.1,13.9,7.4,3.4,14.1,20.8,75.0,24.3,59.9,15.6,33.2,8.6,26.7,16.4,22.5,10.1,24.8,34.9,14.2,8.0,3.4,13.4,19.3,73.6
144,2023-24,Charlotte,19,31,19,12,.613,201.6,24.1,53.4,17.6,32.9,6.5,20.5,14.0,18.6,8.4,24.1,32.5,13.1,5.4,3.4,9.7,15.5,68.7,23.6,55.3,17.2,35.0,6.4,20.3,12.1,17.1,9.8,23.1,32.9,10.9,5.7,2.7,10.0,16.3,65.6
145,2023-24,Delaware,19,33,19,14,.576,200.8,27.0,58.1,20.1,37.5,6.9,20.5,12.3,17.5,9.2,26.5,35.7,13.8,5.4,3.0,10.8,15.0,73.2,25.7,60.3,18.9,38.4,6.8,21.9,11.5,16.2,10.2,24.2,34.4,11.8,6.4,3.8,10.1,15.5,69.7
146,2023-24,East Tennessee State,19,35,19,16,.543,200.7,24.7,60.9,17.0,35.9,7.8,25.0,14.2,20.9,13.9,24.7,38.6,11.4,7.7,4.7,12.4,18.2,71.5,24.3,56.0,17.3,34.6,7.0,21.4,14.1,20.4,10.2,25.7,35.8,11.5,6.8,3.3,13.4,17.0,69.6
147,2023-24,Indiana,19,33,19,14,.576,200.0,26.6,56.0,21.6,40.5,5.0,15.5,14.0,21.1,8.9,26.1,35.0,15.3,5.2,4.0,12.1,16.9,72.3,25.6,61.0,17.0,35.9,8.6,25.1,14.5,19.3,11.0,24.0,35.0,13.5,7.5,3.1,10.3,18.5,74.3
148,2023-24,Iowa,19,34,19,15,.559,200.7,30.1,63.4,23.5,44.4,6.6,18.9,16.2,20.9,9.8,25.8,35.6,17.8,6.8,3.9,9.6,16.9,83.1,28.5,62.2,20.5,39.8,8.0,22.4,14.4,20.5,11.2,25.9,37.1,15.4,5.9,3.7,12.0,17.4,79.4
149,2023-24,Kansas State,19,34,19,15,.559,205.1,24.6,56.4,17.2,33.2,7.4,23.2,15.6,21.6,11.1,26.4,37.5,14.0,5.9,4.1,14.8,17.5,72.2,25.0,60.8,18.0,38.5,7.0,22.3,14.2,20.1,11.6,23.2,34.8,13.2,8.3,3.6,11.2,18.4,71.1
150,2023-24,Lamar,19,33,19,14,.576,203.0,27.6,61.4,20.1,39.6,7.5,21.7,15.0,20.6,12.5,25.6,38.1,16.5,7.1,3.7,12.9,18.6,77.8,24.5,58.2,16.7,34.9,7.8,23.2,16.2,22.9,11.4,23.8,35.2,14.3,7.3,3.1,14.0,18.6,72.9
151,2023-24,Louisiana,19,33,19,14,.576,200.0,27.8,61.4,20.2,38.8,7.6,22.5,12.6,17.2,11.2,23.1,34.3,12.4,8.6,3.8,11.8,17.9,75.9,25.3,56.2,20.3,38.4,4.9,17.9,16.2,22.5,11.0,24.5,35.5,11.1,6.9,3.8,14.8,15.8,71.7
152,2023-24,Minnesota,19,34,19,15,.559,200.7,26.8,56.8,18.9,34.6,7.9,22.2,13.6,19.7,10.1,24.8,34.9,17.3,6.3,4.4,12.0,16.1,75.0,26.4,58.8,20.0,40.9,6.4,17.9,12.6,17.4,10.1,22.8,32.8,15.1,7.1,3.1,10.9,16.6,71.9
153,2023-24,North Texas,19,34,19,15,.559,201.5,24.3,56.1,15.9,33.9,8.4,22.1,12.3,16.6,11.5,23.2,34.7,11.1,7.1,3.0,11.1,16.8,69.2,21.8,52.5,15.5,33.6,6.2,18.9,14.0,19.6,10.5,22.2,32.7,10.0,6.7,4.0,12.3,15.2,63.8
154,2023-24,Northern Colorado,19,33,19,14,.576,206.1,29.4,60.5,21.7,38.4,7.7,22.1,12.9,17.7,8.2,26.9,35.1,14.6,6.3,2.4,11.2,16.6,79.3,27.6,61.5,19.0,36.9,8.6,24.6,13.1,17.5,8.9,25.4,34.3,12.9,6.8,3.0,11.3,16.3,77.0
155,2023-24,Northern Iowa,19,33,19,14,.576,201.5,25.5,56.0,18.3,35.1,7.2,20.9,14.9,21.1,8.0,25.8,33.8,12.5,6.2,2.6,10.3,16.6,73.2,25.0,56.2,17.0,32.9,8.1,23.3,13.0,16.9,7.5,25.6,33.1,11.4,6.0,2.9,11.4,17.7,71.1
156,2023-24,Saint Peter's,19,33,19,14,.576,200.8,21.8,55.5,16.0,37.6,5.8,17.9,15.4,21.6,12.5,22.7,35.2,10.6,7.1,4.2,12.5,19.4,64.8,21.4,51.4,15.6,33.5,5.8,17.9,15.3,21.9,9.9,23.6,33.5,11.1,6.5,4.0,13.6,18.6,64.0
157,2023-24,Southern Illinois,19,32,19,13,.594,203.1,24.7,54.6,16.5,30.8,8.3,23.8,15.0,19.7,8.4,24.5,33.0,14.3,5.5,3.1,11.1,18.1,72.7,24.7,54.6,19.6,37.8,5.1,16.8,13.8,19.5,8.3,23.7,32.0,10.9,5.8,3.6,10.8,17.6,68.2
158,2023-24,Virginia Tech,19,34,19,15,.559,200.0,26.1,56.0,17.9,32.7,8.1,23.3,14.7,18.5,7.7,24.6,32.4,15.1,5.3,2.4,11.1,15.9,74.9,25.9,57.1,19.3,37.8,6.6,19.4,12.7,17.3,8.7,23.2,31.9,12.7,6.4,3.0,11.5,16.9,71.0
159,2023-24,Butler,18,33,18,15,.545,204.5,27.9,61.7,19.6,38.1,8.4,23.6,12.8,16.2,9.3,25.9,35.2,15.1,6.2,3.3,10.9,13.8,77.1,27.9,63.5,20.3,39.9,7.6,23.5,10.3,13.9,10.6,25.4,36.0,13.6,7.3,4.1,11.5,15.3,73.7
160,2023-24,Central Michigan,18,32,18,14,.563,205.5,24.7,58.8,18.4,38.1,6.3,20.6,10.8,16.4,10.6,25.7,36.3,11.4,6.0,3.7,12.0,16.5,66.5,24.5,59.9,16.9,35.5,7.6,24.4,13.4,18.2,11.4,26.3,37.7,13.0,5.8,3.4,11.2,15.5,70.1
161,2023-24,Green Bay,18,32,18,14,.563,201.6,24.4,54.4,15.5,28.2,8.9,26.3,11.4,15.8,8.8,24.3,33.2,12.9,4.4,2.2,12.0,17.3,69.0,24.4,56.2,18.5,36.3,5.9,19.9,14.2,19.4,9.5,23.1,32.7,12.5,6.3,3.9,9.3,15.6,69.0
162,2023-24,Howard,18,35,18,17,.514,202.9,24.8,55.2,16.8,33.6,8.0,21.6,17.3,23.1,11.3,24.6,35.9,13.9,6.1,2.8,15.5,18.9,74.9,26.1,58.1,19.6,39.1,6.5,19.1,15.6,22.5,10.7,21.5,32.1,12.3,7.6,3.6,12.2,18.9,74.3
163,2023-24,Liberty,18,32,18,14,.563,201.6,27.0,57.8,16.8,30.3,10.1,27.5,9.8,14.8,8.7,25.3,34.0,15.9,5.2,2.3,10.4,15.0,73.8,24.2,55.3,18.6,37.4,5.6,17.8,11.5,15.8,7.9,24.7,32.6,9.8,5.8,3.6,11.6,15.8,65.5
164,2023-24,Marist,18,31,18,13,.581,200.0,23.4,52.8,16.6,33.6,6.8,19.2,11.0,15.7,7.2,25.0,32.1,12.3,6.8,2.8,12.2,16.2,64.6,21.6,52.7,15.2,32.5,6.4,20.2,12.5,18.5,9.2,24.0,33.2,9.5,6.7,2.5,13.5,15.4,62.2
165,2023-24,Monmouth,18,33,18,15,.545,200.2,26.1,60.5,18.4,38.5,7.6,22.0,12.7,17.7,11.2,24.2,35.4,13.1,7.2,3.5,10.5,16.9,72.4,24.8,58.2,16.3,33.0,8.5,25.1,14.4,19.4,11.5,25.4,36.9,13.9,5.6,3.8,12.1,15.8,72.6
166,2023-24,North Carolina Central,18,31,18,13,.581,201.6,26.5,58.5,19.0,36.5,7.5,22.0,16.0,23.0,11.3,24.1,35.4,12.8,7.6,2.7,12.0,17.8,76.6,24.1,57.2,18.3,36.4,5.8,20.8,15.0,20.6,11.6,23.7,35.4,12.3,5.8,3.4,13.9,18.2,69.0
167,2023-24,North Dakota,18,32,18,14,.563,200.8,26.8,60.4,18.6,35.2,8.3,25.3,13.4,18.8,11.4,25.2,36.6,11.6,6.3,3.0,10.1,15.2,75.3,26.5,58.5,19.8,38.6,6.7,19.9,12.1,16.4,8.7,25.0,33.7,10.6,5.8,1.9,10.7,17.2,71.9
168,2023-24,Northern Kentucky,18,33,18,15,.545,203.0,26.7,58.6,20.4,38.8,6.3,19.9,15.1,20.9,10.5,24.1,34.6,13.8,8.6,2.6,12.3,16.5,74.8,26.5,59.6,18.8,34.9,7.7,24.7,12.5,17.2,11.3,24.7,36.0,14.7,6.5,3.5,14.5,17.9,73.2
169,2023-24,San Diego,18,33,18,15,.545,200.0,25.7,59.9,18.7,39.4,7.1,20.5,14.0,19.2,10.0,24.2,34.2,13.1,7.2,3.8,13.2,19.0,72.5,26.8,58.8,18.9,35.3,7.9,23.5,15.7,22.4,11.1,26.4,37.5,16.7,7.5,3.5,13.3,16.7,77.3
170,2023-24,Southern,18,32,18,14,.563,201.6,25.2,57.2,18.3,35.8,6.9,21.4,13.8,20.4,9.8,22.1,31.9,13.8,9.1,3.3,14.3,19.7,71.1,22.8,52.4,16.8,33.4,6.0,18.9,17.1,23.9,9.1,24.2,33.3,12.6,6.7,3.1,16.5,17.4,68.7
171,2023-24,Stephen F. Austin,18,33,18,15,.545,203.8,25.7,57.3,19.6,38.9,6.2,18.4,17.0,24.1,11.9,24.0,35.9,12.8,8.9,2.8,16.1,21.1,74.6,23.0,54.3,15.5,34.2,7.5,20.2,17.8,24.7,10.2,22.7,32.9,12.5,7.9,3.7,17.1,20.9,71.3
172,2023-24,Tennessee State,18,33,18,15,.545,200.8,25.2,57.0,18.6,36.8,6.6,20.2,15.7,20.8,9.9,24.8,34.7,12.0,6.7,3.5,13.2,19.5,72.7,23.9,56.8,17.6,37.6,6.3,19.2,16.8,23.2,11.3,24.3,35.5,11.5,6.9,3.8,13.4,17.6,71.0
173,2023-24,UTEP,18,34,18,16,.529,201.5,25.3,56.5,19.6,38.6,5.7,17.9,16.4,23.8,10.6,22.4,33.1,12.9,11.4,2.9,14.7,19.9,72.6,23.5,52.0,17.8,34.1,5.7,17.9,16.4,23.3,9.9,24.5,34.4,11.0,7.5,3.6,18.7,19.4,69.1
174,2023-24,Villanova,18,34,18,16,.529,204.4,24.3,57.2,15.0,29.8,9.3,27.4,12.4,15.3,8.5,26.4,34.8,12.9,5.8,2.4,9.6,15.3,70.2,23.2,56.6,14.8,31.0,8.4,25.6,10.9,14.7,8.4,25.6,34.0,13.3,5.5,4.0,10.6,14.2,65.6
175,2023-24,Wright State,18,32,18,14,.563,202.3,32.3,60.9,25.5,43.1,6.8,17.8,15.1,19.9,9.1,25.7,34.7,16.5,6.3,2.8,11.8,15.6,86.5,29.8,62.8,21.2,39.1,8.6,23.8,13.1,18.3,9.9,22.6,32.5,13.4,7.3,2.7,12.2,17.9,81.2
176,2023-24,Bethune-Cookman,17,34,17,17,.500,202.2,25.3,58.6,19.4,40.4,5.9,18.2,16.5,21.8,10.5,23.0,33.5,12.2,10.3,3.4,13.9,20.5,72.9,23.7,55.0,17.1,35.3,6.6,19.7,18.5,26.1,11.1,24.6,35.7,13.8,8.4,3.0,16.5,17.8,72.6
177,2023-24,UCF,17,33,17,16,.515,200.8,24.8,58.9,17.9,37.8,6.8,21.2,15.4,21.9,12.4,25.3,37.7,11.4,8.7,5.0,12.5,18.2,71.7,22.5,54.5,15.1,33.0,7.3,21.6,15.7,21.5,9.3,25.2,34.5,12.9,6.8,3.4,14.2,18.1,67.9
178,2023-24,Denver,17,34,17,17,.500,203.7,27.8,61.9,19.2,37.0,8.6,24.9,16.7,22.9,10.2,25.4,35.7,13.1,6.2,3.9,10.0,16.9,81.0,29.2,62.7,21.4,40.7,7.8,22.0,14.3,19.3,10.2,26.6,36.8,12.9,5.0,3.9,10.6,18.6,80.5
179,2023-24,Eastern Kentucky,17,31,17,14,.548,200.8,29.6,64.3,21.7,42.4,7.8,21.9,13.8,20.3,13.2,26.9,40.1,14.6,6.3,6.1,11.5,16.2,80.8,27.3,64.0,19.2,42.2,8.2,21.8,13.7,18.5,12.0,24.6,36.6,13.3,7.2,2.6,11.3,16.7,76.5
180,2023-24,Evansville,17,35,17,18,.486,201.4,26.1,58.4,19.4,38.2,6.8,20.1,11.8,16.5,7.7,25.9,33.7,12.9,6.5,3.1,11.6,15.3,70.9,26.1,59.3,17.1,33.6,9.0,25.7,12.1,16.4,9.1,26.5,35.6,14.2,6.5,2.9,12.1,15.9,73.2
181,2023-24,Florida State,17,33,17,16,.515,200.8,27.4,60.5,21.3,41.4,6.1,19.1,15.8,22.3,10.2,23.1,33.3,12.3,9.2,4.3,11.9,19.7,76.5,26.0,57.3,18.3,35.4,7.8,21.9,16.5,23.5,11.3,25.5,36.8,12.6,5.6,3.0,14.9,18.7,76.3
182,2023-24,Furman,17,33,17,16,.515,203.0,27.6,62.2,17.9,32.3,9.7,29.9,14.6,20.0,11.2,26.5,37.8,16.2,7.1,2.9,11.8,16.0,79.5,28.5,61.7,21.1,40.2,7.4,21.5,11.6,17.0,9.5,26.3,35.8,14.1,7.0,3.6,12.0,16.8,75.9
183,2023-24,Gardner-Webb,17,33,17,16,.515,202.4,26.3,60.4,18.7,38.5,7.5,21.9,13.4,21.3,11.2,27.0,38.2,12.7,5.8,2.4,11.7,19.2,73.5,25.4,58.6,18.7,38.3,6.7,20.3,15.6,22.0,9.4,27.0,36.4,11.8,5.9,3.5,11.5,17.6,73.2
184,2023-24,Kent State,17,34,17,17,.500,203.7,26.2,59.3,17.9,36.1,8.3,23.2,14.2,19.0,11.1,23.6,34.6,12.8,6.9,2.6,11.9,17.9,74.8,25.0,55.9,17.7,33.6,7.3,22.3,14.0,19.3,9.5,23.8,33.3,12.6,6.4,3.1,13.2,17.4,71.3
185,2023-24,Louisiana State,17,33,17,16,.515,200.8,26.3,57.8,18.5,36.1,7.8,21.7,16.0,22.1,10.5,25.2,35.7,11.8,8.0,3.8,13.2,17.4,76.4,25.7,60.0,17.4,35.2,8.3,24.9,15.2,20.2,11.5,23.6,35.1,12.5,8.2,4.0,12.9,17.2,75.0
186,2023-24,Missouri State,17,33,17,16,.515,203.0,25.7,58.5,18.9,37.0,6.8,21.5,13.1,18.4,10.2,29.0,39.1,12.1,4.3,4.5,12.0,15.3,71.2,26.0,62.6,18.0,38.3,8.0,24.3,11.2,15.6,9.5,24.8,34.3,13.0,6.5,3.2,9.1,16.6,71.3
187,2023-24,Montana State,17,35,17,18,.486,202.9,26.9,57.5,17.8,32.8,9.1,24.7,12.4,17.0,6.8,23.7,30.5,13.2,8.3,2.4,11.7,18.5,75.3,26.7,57.1,20.1,37.7,6.5,19.5,14.6,20.5,9.4,25.8,35.2,12.3,5.9,2.5,13.5,17.1,74.5
188,2023-24,Portland State,17,32,17,15,.531,201.5,25.3,60.9,17.9,38.1,7.4,22.8,14.0,20.4,11.7,25.2,36.9,11.8,7.1,3.3,11.3,18.1,71.9,25.6,57.5,17.8,35.6,7.7,21.9,13.0,18.9,9.8,27.1,36.9,14.0,5.8,3.7,13.1,17.3,71.8
189,2023-24,SIU Edwardsville,17,33,17,16,.515,200.0,25.2,59.5,18.0,37.7,7.2,21.8,13.8,19.1,11.4,24.2,35.6,11.3,6.8,4.2,10.7,16.7,71.5,24.2,55.4,16.6,34.5,7.5,20.9,14.2,19.8,9.7,25.1,34.8,12.8,5.7,3.7,12.3,16.6,70.1
190,2023-24,Texas State,17,35,17,18,.486,201.5,25.2,56.8,20.7,42.9,4.5,13.9,14.9,21.3,11.1,24.4,35.5,11.8,7.4,3.4,13.4,17.6,69.9,24.4,55.8,18.1,36.2,6.3,19.6,15.0,20.7,10.1,23.7,33.8,11.6,7.6,3.8,12.9,17.7,70.1
191,2023-24,Wagner,17,33,17,16,.515,202.3,23.0,58.0,15.8,35.9,7.2,22.0,10.6,15.0,11.2,24.7,35.8,12.8,5.9,2.3,9.9,15.4,63.7,22.8,54.1,16.2,32.1,6.6,22.0,10.9,15.9,9.1,26.1,35.2,13.5,4.8,3.2,11.1,14.0,63.1
192,2023-24,Washington,17,32,17,15,.531,203.9,29.1,61.9,21.0,39.1,8.1,22.8,14.3,19.9,9.4,26.6,36.0,15.1,5.8,3.7,11.7,18.3,80.6,27.7,62.6,20.3,40.8,7.3,21.8,14.4,20.7,10.8,25.3,36.2,14.2,6.4,3.5,11.6,18.4,77.1
193,2023-24,Winthrop,17,32,17,15,.531,204.7,25.6,55.1,18.1,33.3,7.4,21.8,18.8,26.8,10.7,24.8,35.4,11.9,6.3,2.8,13.0,17.8,77.3,24.5,58.3,16.7,33.4,7.8,24.8,14.6,19.3,11.1,22.9,34.0,12.0,6.8,3.9,13.3,21.9,71.5
194,2023-24,Wofford,17,32,17,15,.531,203.1,27.3,59.5,17.8,32.9,9.6,26.6,10.3,16.6,10.5,26.7,37.2,15.4,4.4,2.7,11.7,16.3,74.5,25.4,58.6,16.6,33.6,8.8,25.0,14.3,19.2,8.7,24.3,33.0,12.7,6.5,2.8,9.5,16.5,73.8
195,2023-24,Abilene Christian,16,34,16,18,.471,202.2,25.3,58.4,20.0,42.9,5.3,15.6,16.2,22.3,9.7,23.8,33.5,12.7,7.7,2.1,12.8,19.6,72.1,26.1,56.6,20.3,38.5,5.9,18.0,15.4,22.5,10.1,26.7,36.8,12.4,6.7,3.3,14.6,18.9,73.5
196,2023-24,American,16,32,16,16,.500,201.7,24.4,54.4,15.7,29.6,8.7,24.8,11.1,15.4,9.0,23.6,32.6,14.0,5.8,1.7,10.8,16.5,68.8,24.3,53.3,15.8,30.4,8.5,22.9,11.0,15.9,8.0,22.6,30.6,12.6,5.0,2.4,10.8,16.1,68.0
197,2023-24,Arkansas,16,33,16,17,.485,203.0,26.0,57.5,20.0,38.6,6.0,18.9,19.7,26.0,8.5,26.0,34.5,11.7,6.0,6.1,12.0,19.8,77.8,27.5,61.8,20.4,40.7,7.2,21.1,17.5,24.1,11.1,25.3,36.4,13.0,6.5,2.9,11.1,20.8,79.8
198,2023-24,Boston University,16,33,16,17,.485,202.3,23.3,56.2,15.6,33.1,7.7,23.1,12.2,17.0,9.4,26.0,35.4,12.9,6.5,3.1,11.6,17.3,66.5,23.0,53.8,15.5,32.1,7.5,21.8,13.1,19.1,7.7,25.6,33.3,11.5,6.5,2.9,11.4,15.8,66.6
199,2023-24,California Baptist,16,33,16,17,.485,201.5,23.1,56.3,16.4,35.8,6.7,20.4,14.5,21.2,12.0,25.6,37.6,11.3,4.0,2.6,11.9,15.9,67.3,24.7,56.2,19.5,40.8,5.2,15.4,11.9,16.6,8.1,24.5,32.5,11.4,5.9,3.5,10.2,18.4,66.6
200,2023-24,UC Riverside,16,34,16,18,.471,200.9,24.8,62.4,16.3,35.8,8.4,26.6,12.7,17.8,12.4,24.6,36.9,13.1,5.6,1.4,9.6,17.2,70.7,25.8,55.9,19.2,37.3,6.6,18.6,13.8,19.2,8.2,27.4,35.6,13.5,4.5,3.6,11.1,17.1,72.0
201,2023-24,UC Santa Barbara,16,31,16,15,.516,201.6,26.6,54.3,20.6,37.6,6.0,16.7,16.1,21.8,8.1,26.7,34.9,13.5,4.9,3.2,13.1,16.5,75.4,27.4,60.4,20.6,39.8,6.7,20.5,12.1,17.9,9.4,22.6,32.0,12.3,6.9,2.6,10.0,18.2,73.5
202,2023-24,Iona,16,33,16,17,.485,200.0,26.0,60.1,17.8,36.8,8.2,23.3,11.2,17.2,10.5,21.4,31.8,14.3,8.8,2.9,10.2,17.8,71.3,24.4,52.9,17.2,31.8,7.2,21.2,14.7,19.8,9.6,26.4,36.0,13.8,5.5,3.8,15.2,15.1,70.6
203,2023-24,Jacksonville,16,33,16,17,.485,200.8,25.3,58.1,18.8,38.4,6.5,19.7,14.7,20.8,12.5,24.2,36.6,10.8,7.7,3.0,13.1,19.6,71.8,24.6,56.2,16.8,33.8,7.7,22.4,15.5,21.9,10.2,21.9,32.1,12.5,7.1,3.4,12.6,17.7,72.4
204,2023-24,La Salle,16,33,16,17,.485,203.0,26.6,61.8,18.1,37.3,8.5,24.6,11.0,15.2,10.2,24.4,34.6,14.7,6.3,3.3,9.6,16.7,72.7,26.2,58.8,19.5,39.7,6.8,19.2,13.8,19.3,10.6,26.8,37.4,13.4,5.0,3.6,10.8,15.3,73.1
205,2023-24,Maryland,16,33,16,17,.485,202.3,23.2,56.2,17.1,35.1,6.1,21.1,16.5,22.9,11.5,24.2,35.7,10.9,6.6,4.5,11.7,17.5,69.0,23.1,55.3,17.7,38.7,5.5,16.6,14.2,18.5,9.9,24.8,34.8,11.1,5.8,3.6,12.6,19.0,65.9
206,2023-24,Mercer,16,33,16,17,.485,200.0,26.7,59.4,20.3,41.0,6.4,18.4,11.5,17.1,11.2,23.2,34.3,13.2,6.9,3.4,11.1,19.1,71.2,24.7,55.4,17.9,35.3,6.8,20.1,15.8,21.8,10.4,24.6,35.0,11.1,6.4,3.0,12.2,15.2,71.8
207,2023-24,Kansas City,16,32,16,16,.500,203.1,25.4,59.5,17.0,34.1,8.4,25.3,12.7,17.8,11.5,24.8,36.3,12.8,6.0,3.8,12.0,19.5,71.9,23.3,53.3,16.9,33.4,6.4,19.9,16.3,22.9,8.6,23.7,32.3,11.6,5.9,2.6,12.7,17.3,69.3
208,2023-24,New Hampshire,16,31,16,15,.516,200.8,25.8,62.4,17.0,35.0,8.9,27.4,13.6,18.2,9.2,28.2,37.4,11.8,7.3,2.1,12.0,15.2,74.1,27.2,62.3,20.0,38.1,7.2,24.1,12.5,17.1,9.3,29.5,38.9,13.7,7.5,4.6,12.3,16.4,74.1
209,2023-24,Niagara,16,32,16,16,.500,202.3,25.7,54.7,19.5,37.5,6.2,17.2,14.9,19.8,7.3,23.1,30.5,12.8,5.6,2.2,11.8,15.0,72.5,26.9,57.3,21.3,41.4,5.6,15.9,12.6,17.7,8.3,23.3,31.5,11.2,6.6,3.3,11.3,18.0,72.1
210,2023-24,North Florida,16,32,16,16,.500,202.3,26.5,59.9,14.6,26.7,12.0,33.2,13.0,16.9,8.9,24.8,33.6,12.4,5.6,3.6,11.3,16.2,78.0,27.8,60.3,21.5,42.1,6.3,18.2,14.0,19.2,9.8,26.0,35.8,12.3,6.9,2.8,10.5,15.2,75.8
211,2023-24,Penn State,16,33,16,17,.485,201.5,25.9,59.1,18.2,36.0,7.7,23.2,15.6,20.9,9.6,22.7,32.3,12.6,8.3,3.4,11.1,18.3,75.1,25.9,57.2,20.2,38.4,5.7,18.8,15.9,20.8,10.8,26.2,36.9,14.7,5.8,3.2,14.7,17.6,73.4
212,2023-24,Radford,16,33,16,17,.485,202.3,26.4,57.8,19.2,37.9,7.2,19.8,12.0,16.3,10.3,24.4,34.6,11.1,5.5,3.5,10.8,17.0,72.0,25.6,59.0,18.1,35.3,7.5,23.7,12.8,18.2,12.2,22.9,35.1,11.9,4.8,2.6,10.5,15.2,71.5
213,2023-24,Sacred Heart,16,32,16,16,.500,200.0,27.0,59.3,19.6,39.0,7.4,20.3,12.7,18.3,9.4,24.3,33.7,13.8,8.7,5.0,11.7,16.9,74.1,25.7,59.0,17.2,34.9,8.5,24.1,12.5,18.5,11.9,25.2,37.1,14.9,6.4,3.4,14.5,15.7,72.3
214,2023-24,South Alabama,16,32,16,16,.500,203.1,26.1,58.9,18.6,37.3,7.5,21.6,14.3,19.1,7.9,25.1,33.0,10.7,6.8,2.8,11.3,16.6,74.0,27.3,60.9,20.4,39.2,6.9,21.7,14.2,20.5,11.5,27.2,38.7,12.0,7.0,4.2,12.1,16.1,75.7
215,2023-24,Southern Mississippi,16,32,16,16,.500,200.0,24.2,57.1,17.9,37.9,6.3,19.2,15.2,21.7,10.7,26.1,36.8,11.8,7.2,4.8,12.8,17.2,69.9,25.4,59.0,18.4,38.3,7.1,20.7,13.1,19.2,10.9,25.7,36.6,12.1,8.1,2.7,12.3,17.3,71.0
216,2023-24,Temple,16,36,16,20,.444,204.2,24.3,61.5,16.1,35.6,8.2,25.9,14.0,19.7,11.3,24.9,36.2,11.2,7.4,2.9,9.9,16.9,70.9,25.3,57.9,18.1,35.5,7.2,22.4,15.0,20.7,10.4,28.5,38.9,13.8,5.9,3.7,11.9,16.4,72.9
217,2023-24,Texas Southern,16,33,16,17,.485,200.8,24.9,60.0,17.5,36.8,7.3,23.2,13.1,18.1,11.1,24.2,35.3,11.6,6.9,3.8,12.6,18.5,70.2,24.2,57.0,17.5,36.3,6.7,20.7,16.0,22.5,10.9,25.5,36.4,12.8,6.6,3.4,12.7,16.2,71.1
218,2023-24,Tulsa,16,31,16,15,.516,202.4,25.1,57.3,17.4,33.7,7.7,23.6,17.0,23.1,8.7,26.5,35.2,12.6,7.8,3.4,13.0,17.5,75.0,25.8,60.4,18.3,37.1,7.5,23.3,14.7,21.3,11.5,26.4,37.9,13.5,7.1,2.4,13.0,18.6,73.9
219,2023-24,UCLA,16,33,16,17,.485,200.0,23.1,55.2,17.5,38.4,5.5,16.7,14.2,19.5,10.3,23.5,33.8,11.2,5.8,3.3,10.8,18.5,66.0,22.5,52.9,14.9,30.3,7.5,22.7,13.0,18.7,9.1,23.5,32.5,11.3,5.5,2.6,11.8,18.4,65.5
220,2023-24,Utah Valley,16,32,16,16,.500,201.6,25.0,57.8,20.2,41.0,4.8,16.9,13.8,20.5,10.5,26.4,36.8,14.9,6.9,4.5,12.3,18.1,68.7,24.2,57.3,17.9,37.7,6.3,19.7,13.9,20.0,9.6,26.3,35.9,14.0,7.0,3.7,12.8,18.0,68.6
221,2023-24,Xavier,16,34,16,18,.471,200.0,27.1,62.2,20.3,42.3,6.8,19.9,14.7,19.8,11.8,26.4,38.1,16.2,6.9,3.4,11.6,16.8,75.9,27.1,62.1,19.7,40.1,7.4,22.0,13.1,18.4,10.7,25.2,36.0,16.1,6.3,4.8,11.4,17.6,74.6
222,2023-24,Ball State,15,31,15,16,.484,202.4,24.8,55.7,17.3,35.0,7.5,20.7,16.5,21.5,9.5,25.4,34.9,12.4,5.5,3.1,12.1,15.1,73.5,26.2,58.7,19.1,38.0,7.1,20.7,11.5,16.3,9.6,24.1,33.7,12.4,6.3,3.1,11.9,19.1,71.0
223,2023-24,Binghamton,15,30,15,15,.500,201.7,26.7,57.9,21.2,40.1,5.5,17.9,13.2,19.8,10.4,28.1,38.5,14.5,5.0,3.8,12.2,16.6,72.1,25.1,59.7,17.4,36.6,7.8,23.0,14.2,19.5,9.2,24.1,33.3,10.9,6.8,4.4,9.4,17.1,72.2
224,2023-24,Davidson,15,32,15,17,.469,203.1,24.5,56.8,17.1,33.3,7.3,23.4,13.8,18.8,9.2,25.4,34.7,12.6,6.5,3.5,10.6,16.0,70.1,23.8,56.2,15.9,32.6,7.9,23.6,12.5,18.1,9.7,25.6,35.3,12.7,6.3,3.3,11.7,17.3,67.9
225,2023-24,Delaware State,15,34,15,19,.441,203.7,25.0,57.7,20.4,43.1,4.6,14.5,15.9,22.5,11.3,23.1,34.4,12.1,8.4,1.9,14.8,16.9,70.6,24.4,56.3,16.3,33.8,8.1,22.5,14.0,19.5,9.9,22.4,32.3,12.9,7.3,2.8,15.6,18.6,71.0
226,2023-24,East Carolina,15,33,15,18,.455,201.5,24.3,57.7,17.7,36.6,6.6,21.1,14.0,20.3,11.9,23.1,35.0,12.3,7.9,2.8,10.8,15.6,69.3,24.5,55.6,16.7,31.7,7.8,23.9,13.4,17.8,10.3,24.3,34.6,13.1,6.1,3.4,12.6,16.5,70.3
227,2023-24,FDU,15,32,15,17,.469,201.6,26.3,62.9,18.0,37.5,8.4,25.4,14.9,21.3,11.4,25.8,37.2,15.1,8.2,2.5,12.8,17.8,75.9,27.7,61.5,19.0,37.1,8.7,24.4,13.6,19.6,11.3,28.6,39.8,15.1,7.3,3.3,14.5,18.2,77.6
228,2023-24,George Washington,15,32,15,17,.469,205.5,26.3,59.4,17.3,34.5,9.0,24.9,15.3,20.4,9.2,27.7,36.9,12.3,5.9,4.8,12.4,14.5,76.8,28.7,66.5,19.8,41.2,8.8,25.3,11.1,14.8,11.4,26.2,37.6,14.1,6.8,3.6,10.1,16.1,77.3
229,2023-24,Illinois State,15,32,15,17,.469,200.0,23.2,54.8,17.2,34.0,6.1,20.8,14.0,19.7,10.1,24.7,34.8,12.5,5.6,2.3,11.3,15.7,66.5,24.7,55.8,17.5,33.9,7.2,21.9,11.1,15.1,8.5,24.7,33.3,12.7,5.3,3.2,10.8,18.1,67.7
230,2023-24,Jackson State,15,32,15,17,.469,200.8,25.0,60.1,18.4,39.8,6.6,20.3,14.7,20.9,13.0,23.3,36.3,12.0,7.5,3.5,13.4,17.0,71.2,26.5,58.2,18.4,35.1,8.1,23.1,14.4,20.1,10.9,24.3,35.3,14.6,7.3,3.8,13.3,17.5,75.6
231,2023-24,Kennesaw State,15,31,15,16,.484,201.6,29.3,65.6,19.9,37.0,9.4,28.6,14.8,22.0,12.3,26.6,38.8,14.8,7.4,4.1,12.1,20.1,82.8,27.1,61.8,18.8,37.9,8.4,23.9,18.2,25.2,11.1,27.6,38.7,12.9,7.0,4.5,13.5,19.4,80.8
232,2023-24,Le Moyne,15,32,15,17,.469,200.8,25.7,59.6,15.9,31.1,9.8,28.4,11.2,14.7,8.4,25.7,34.2,15.7,8.0,3.2,11.5,15.3,72.4,25.3,59.9,16.8,34.0,8.5,25.9,10.9,15.4,11.1,27.2,38.3,14.3,6.3,2.4,13.3,13.9,70.2
233,2023-24,Maine,15,32,15,17,.469,201.6,25.0,57.2,19.6,38.9,5.4,18.3,12.2,16.9,8.0,24.7,32.6,12.4,8.4,3.3,11.4,16.3,67.6,24.7,56.1,18.8,37.7,5.8,18.4,12.3,18.0,9.3,26.2,35.4,12.8,6.3,3.5,13.2,15.2,67.5
234,2023-24,Miami (FL),15,32,15,17,.469,200.8,27.8,61.3,18.8,36.5,8.9,24.8,11.3,15.1,10.1,26.6,36.7,14.2,7.2,3.1,12.1,13.1,75.8,27.1,62.4,17.5,33.7,9.6,28.8,9.9,13.9,10.7,25.1,35.8,15.5,7.2,3.4,11.7,15.0,73.6
235,2023-24,Miami (OH),15,32,15,17,.469,200.8,24.9,56.3,16.8,33.9,8.1,22.4,12.6,17.9,8.0,25.2,33.2,14.4,6.3,3.1,11.7,17.3,70.6,25.0,58.4,18.3,37.1,6.7,21.3,13.4,18.4,10.6,25.9,36.5,11.8,6.4,3.3,12.5,17.5,70.0
236,2023-24,Omaha,15,33,15,18,.455,201.5,25.6,56.8,19.4,37.6,6.2,19.1,16.5,22.2,8.5,25.1,33.7,10.2,6.1,2.2,9.9,16.7,74.0,25.4,56.7,16.8,32.3,8.7,24.4,13.3,18.0,8.2,25.6,33.8,12.4,5.4,2.3,11.3,18.3,72.8
237,2023-24,North Alabama,15,32,15,17,.469,204.0,26.8,60.3,19.1,39.1,7.7,21.2,15.2,19.8,9.9,25.5,35.4,11.2,5.3,3.2,10.1,18.4,76.5,26.0,58.4,18.9,38.2,7.1,20.3,16.9,23.4,9.7,25.8,35.5,12.4,5.2,3.5,10.2,17.5,76.1
238,2023-24,North Dakota State,15,32,15,17,.469,205.5,27.3,57.3,19.4,36.5,7.9,20.8,12.2,17.0,8.5,25.8,34.3,11.6,4.3,1.3,11.1,14.6,74.6,27.5,59.7,20.2,39.4,7.3,20.2,11.8,16.2,8.0,24.1,32.1,11.5,5.3,3.6,9.5,15.9,73.9
239,2023-24,Rider,15,32,15,17,.469,202.3,26.1,60.0,20.4,43.2,5.7,16.9,14.2,19.0,11.3,26.3,37.6,13.3,6.6,3.9,12.4,17.5,72.2,24.8,58.7,17.2,36.1,7.7,22.6,14.8,21.2,10.6,24.2,34.8,12.9,7.6,3.4,11.5,16.8,72.1
240,2023-24,Rutgers,15,32,15,17,.469,200.8,23.4,60.2,18.0,41.2,5.5,19.1,13.0,19.8,12.3,24.9,37.1,11.8,7.7,5.2,11.4,16.9,65.4,22.9,56.2,15.7,34.0,7.3,22.2,13.5,19.3,11.3,28.3,39.6,12.6,6.6,4.2,14.9,17.0,66.5
241,2023-24,Southeastern Louisiana,15,32,15,17,.469,201.6,23.9,55.3,16.5,34.1,7.3,21.2,13.9,19.2,10.7,24.3,35.0,14.5,6.9,2.3,13.8,16.3,69.0,25.0,57.8,16.7,32.0,8.3,25.7,12.7,17.4,10.5,23.0,33.6,15.1,7.1,3.1,11.9,16.5,71.0
242,2023-24,Southern California,15,33,15,18,.455,203.0,26.4,58.5,18.8,37.1,7.6,21.5,13.6,19.7,10.0,24.0,34.0,15.6,7.5,5.2,12.7,17.0,74.1,25.9,60.0,17.4,36.8,8.5,23.3,14.0,19.0,11.4,24.6,36.0,15.4,6.9,3.5,13.3,17.2,74.3
243,2023-24,Wichita State,15,34,15,19,.441,201.5,27.5,61.5,21.0,42.1,6.5,19.4,11.3,16.2,11.6,27.7,39.4,12.1,6.3,4.2,12.3,15.4,72.8,26.3,62.5,18.6,38.7,7.8,23.8,12.6,17.4,10.9,24.6,35.5,13.9,8.0,3.9,10.2,14.5,73.1
244,2023-24,Wyoming,15,32,15,17,.469,201.6,24.7,54.8,17.2,34.6,7.5,20.3,15.9,21.4,9.6,24.9,34.5,11.7,5.2,2.5,12.8,15.6,72.8,27.1,59.8,18.9,35.8,8.2,24.0,12.0,16.2,10.1,23.3,33.4,13.2,8.2,3.8,11.3,19.4,74.5
245,2023-24,Alcorn State,14,32,14,18,.438,200.8,25.6,57.8,20.4,42.5,5.2,15.4,15.6,21.8,11.3,22.7,33.9,11.6,6.9,1.8,11.6,17.7,71.9,26.3,56.8,16.6,30.9,9.7,25.9,15.1,20.8,9.9,22.3,32.1,15.6,6.3,4.0,11.8,17.9,77.4
246,2023-24,Arizona State,14,32,14,18,.438,200.8,24.7,59.4,18.0,37.0,6.7,22.4,12.9,19.7,8.4,24.8,33.3,12.0,8.2,3.7,10.5,16.6,69.0,26.6,59.0,18.7,35.8,7.8,23.1,13.0,18.4,10.6,30.0,40.6,15.3,5.8,2.7,13.7,16.7,74.0
247,2023-24,Bucknell,14,33,14,19,.424,202.3,23.0,53.6,14.8,29.5,8.2,24.1,11.2,15.6,8.4,24.2,32.5,12.1,6.1,3.4,12.3,16.9,65.2,23.7,55.5,16.1,32.1,7.6,23.4,12.3,17.5,9.7,24.0,33.7,14.2,6.4,3.2,10.7,16.2,67.2
248,2023-24,Cal State Fullerton,14,32,14,18,.438,200.8,23.1,53.7,16.7,34.1,6.5,19.6,15.2,21.4,8.4,24.3,32.8,8.9,6.7,3.1,12.3,17.8,67.9,24.2,55.9,17.3,34.5,6.8,21.5,14.0,19.5,10.0,25.5,35.5,12.3,6.2,2.7,12.6,18.5,69.1
249,2023-24,Campbell,14,32,14,18,.438,202.3,25.2,54.4,17.9,33.3,7.3,21.0,13.4,18.4,7.7,24.8,32.5,13.3,6.3,2.4,12.0,15.2,71.0,26.5,60.3,17.9,34.5,8.6,25.8,10.4,14.6,10.9,23.8,34.8,13.7,6.6,3.3,11.8,16.7,72.1
250,2023-24,Canisius,14,32,14,18,.438,201.6,26.3,59.7,19.0,38.1,7.3,21.6,10.6,16.9,12.0,24.9,36.9,12.5,6.0,3.5,13.5,16.3,70.4,27.0,59.8,20.6,41.0,6.4,18.8,11.7,16.6,10.0,23.8,33.8,13.8,6.8,2.8,11.3,15.4,72.1
251,2023-24,Eastern Illinois,14,32,14,18,.438,200.0,25.7,61.0,20.1,43.5,5.6,17.5,11.9,16.3,10.9,24.4,35.3,12.9,8.1,3.0,10.3,17.7,68.9,23.7,53.8,16.7,33.9,7.0,19.9,13.6,18.9,8.7,26.8,35.5,13.3,5.3,4.3,14.2,14.5,67.9
252,2023-24,Florida Gulf Coast,14,32,14,18,.438,200.8,25.8,56.8,18.0,34.8,7.8,22.0,10.9,15.7,9.9,24.4,34.3,11.7,6.0,3.4,11.3,14.5,70.4,25.6,57.7,16.8,32.9,8.8,24.8,11.2,16.0,9.6,23.0,32.6,13.3,6.3,2.5,10.4,15.2,71.1
253,2023-24,Georgia State,14,31,14,17,.452,201.6,27.6,63.5,20.1,40.3,7.5,23.2,13.7,18.1,10.5,26.9,37.4,11.8,5.8,2.9,9.7,17.5,76.5,26.3,61.7,19.2,38.1,7.1,23.6,15.1,21.2,11.3,27.2,38.5,13.0,5.6,4.1,10.5,16.0,74.8
254,2023-24,Georgia Tech,14,32,14,18,.438,203.1,25.3,60.1,17.4,35.8,7.9,24.4,12.4,17.5,11.5,26.6,38.1,13.3,4.4,4.0,12.3,16.5,71.0,26.4,61.8,18.5,37.4,7.9,24.3,14.4,19.5,10.6,24.8,35.4,13.5,6.9,3.2,8.8,16.3,75.2
255,2023-24,Harvard,14,27,14,13,.519,201.9,24.6,56.1,17.2,34.1,7.4,22.1,13.7,19.5,9.3,25.6,34.9,13.0,6.2,4.3,12.1,14.8,70.4,26.3,61.7,17.7,36.4,8.6,25.3,10.6,15.3,11.6,25.3,36.9,13.9,6.8,3.7,11.0,16.8,71.7
256,2023-24,Idaho State,14,34,14,20,.412,203.7,25.7,55.9,19.3,36.4,6.4,19.5,12.6,18.4,9.9,22.2,32.1,12.0,7.0,3.6,10.9,16.1,70.5,25.9,54.0,20.1,37.3,5.9,16.7,12.4,16.6,7.6,22.6,30.3,12.1,6.3,2.4,12.2,17.8,70.1
257,2023-24,Jacksonville State,14,32,14,18,.438,200.8,25.1,55.6,19.8,39.7,5.3,15.8,14.5,20.7,11.6,25.3,36.8,11.1,6.8,3.9,13.5,16.4,70.0,23.5,54.2,17.0,34.9,6.5,19.3,12.9,18.4,8.2,22.5,30.7,10.9,7.1,3.1,12.5,17.6,66.4
258,2023-24,Lehigh,14,32,14,18,.438,204.7,25.9,59.0,18.7,36.7,7.2,22.3,13.7,18.6,8.2,27.3,35.5,13.2,7.2,2.3,12.1,16.6,72.7,25.9,58.8,18.4,37.0,7.5,21.7,11.8,16.9,8.2,27.8,35.9,12.1,6.5,3.6,12.8,17.0,71.0
259,2023-24,Middle Tennessee,14,33,14,19,.424,203.8,22.5,55.8,15.2,32.4,7.3,23.5,13.5,19.1,10.4,24.3,34.8,10.0,5.3,4.2,14.0,15.6,65.7,25.9,58.9,20.0,41.1,5.9,17.8,12.6,17.4,10.7,25.5,36.2,11.1,6.5,3.4,11.1,17.2,70.3
260,2023-24,Northern Arizona,14,33,14,19,.424,201.5,25.0,57.1,18.7,37.0,6.3,20.1,12.4,17.8,8.3,23.0,31.3,13.5,5.7,3.1,12.6,18.3,68.6,27.4,57.8,21.1,38.2,6.3,19.7,15.5,21.6,10.4,26.2,36.6,12.9,7.4,2.9,11.6,17.0,76.6
261,2023-24,Presbyterian,14,33,14,19,.424,201.5,27.2,57.6,20.8,38.5,6.4,19.1,14.1,21.2,9.5,23.8,33.3,12.9,7.0,3.2,11.4,18.5,74.8,25.0,54.6,18.3,35.4,6.7,19.2,16.4,22.7,9.0,24.8,33.8,11.5,5.9,3.5,12.9,18.5,73.1
262,2023-24,Queens (NC),14,33,14,19,.424,200.0,28.1,63.5,19.2,37.3,8.9,26.2,14.9,21.0,11.3,25.7,37.0,13.2,7.0,2.8,11.4,17.4,80.1,29.8,63.5,21.7,39.6,8.2,23.9,13.8,18.7,10.4,27.3,37.6,12.5,6.4,4.6,11.6,18.0,81.6
263,2023-24,South Carolina State,14,32,14,18,.438,201.6,24.5,59.8,18.3,40.4,6.3,19.4,14.9,21.6,14.9,22.7,37.6,13.6,8.3,3.5,15.2,20.8,70.2,24.3,53.7,17.5,33.6,6.8,20.1,19.2,25.8,9.9,23.7,33.6,13.8,8.2,3.8,15.2,18.4,74.7
264,2023-24,Stanford,14,32,14,18,.438,203.1,27.6,58.9,18.6,34.8,8.9,24.2,12.3,16.9,7.8,26.5,34.3,16.1,5.5,3.1,12.8,15.3,76.3,28.5,63.1,20.1,39.4,8.5,23.7,10.9,16.0,10.0,25.7,35.6,13.1,6.9,2.8,11.2,16.5,76.5
265,2023-24,Tulane,14,31,14,17,.452,203.2,27.6,58.0,20.1,36.9,7.5,21.1,19.2,26.2,7.0,26.2,33.2,14.2,7.8,4.4,11.2,17.1,81.9,28.0,64.5,18.6,37.5,9.4,27.0,14.5,20.4,12.5,26.9,39.4,16.1,6.8,3.7,12.9,19.6,80.0
266,2023-24,Alabama State,13,32,13,19,.406,203.6,24.1,65.2,17.2,40.4,7.0,24.8,13.4,18.5,14.2,25.4,39.5,10.8,8.7,3.8,11.3,19.0,68.6,22.5,54.7,14.9,32.0,7.7,22.7,16.7,23.0,9.9,29.5,39.4,12.0,6.1,4.8,14.6,16.1,69.4
267,2023-24,Albany (NY),13,32,13,19,.406,200.8,28.7,64.3,20.9,40.7,7.8,23.7,13.5,18.6,11.4,24.7,36.0,12.8,8.3,3.2,13.3,19.4,78.7,28.3,60.8,23.1,42.8,5.2,18.0,16.9,23.3,10.1,25.9,36.0,13.1,7.3,4.7,13.0,15.6,78.8
268,2023-24,Arkansasâ€“Pine Bluff,13,31,13,18,.419,200.0,26.2,58.7,15.4,29.8,10.9,29.0,16.8,22.0,8.4,26.2,34.6,15.1,5.9,2.2,13.3,18.3,80.1,29.5,64.9,22.0,40.1,7.5,24.8,15.2,21.2,12.1,26.3,38.3,16.5,7.2,3.4,11.7,18.1,81.8
269,2023-24,Brown,13,31,13,18,.419,203.5,25.2,58.6,17.0,34.6,8.2,24.0,12.7,19.5,11.8,25.4,37.2,13.5,6.3,4.2,12.4,16.7,71.4,25.8,58.0,18.5,35.8,7.3,22.2,12.9,18.5,9.4,25.3,34.6,13.3,6.8,3.2,11.9,17.7,71.8
270,2023-24,Cal State Bakersfield,13,32,13,19,.406,202.3,25.2,58.2,20.5,43.3,4.7,14.9,13.6,18.8,11.9,22.7,34.7,10.5,6.9,3.6,12.2,20.4,68.7,22.6,52.3,16.1,33.2,6.5,19.1,17.6,24.3,10.2,23.3,33.4,11.6,5.8,3.3,13.2,17.2,69.2
271,2023-24,California,13,32,13,19,.406,204.7,26.0,61.9,17.3,35.9,8.8,26.0,13.1,18.1,10.7,26.4,37.2,12.1,6.0,2.6,11.6,17.3,74.0,27.3,60.9,19.4,38.8,7.9,22.1,14.6,20.2,9.6,26.8,36.4,12.8,5.9,3.6,10.5,16.2,77.0
272,2023-24,Chicago State,13,32,13,19,.406,200.8,24.1,56.8,17.8,36.7,6.3,20.0,15.0,21.1,12.2,21.4,33.6,11.1,8.7,3.2,13.2,17.5,69.5,25.8,55.9,19.6,36.6,6.3,19.3,12.6,18.8,11.3,23.4,34.7,12.8,7.0,2.9,14.4,17.1,70.6
273,2023-24,Columbia,13,27,13,14,.481,200.0,27.7,59.1,19.2,36.3,8.6,22.8,12.9,17.7,9.8,25.9,35.7,17.4,7.7,2.3,12.2,16.2,77.0,26.3,59.9,17.9,34.1,8.4,25.7,11.6,16.1,10.0,23.4,33.4,15.0,6.3,4.0,12.4,15.5,72.4
274,2023-24,Eastern Michigan,13,31,13,18,.419,202.4,25.3,58.9,19.5,40.0,5.7,18.9,9.8,14.6,10.4,24.1,34.5,10.4,5.8,2.5,11.6,16.4,66.0,26.5,58.7,19.2,35.7,7.3,23.0,12.5,18.1,10.7,25.7,36.4,13.4,6.7,3.2,10.7,14.9,72.6
275,2023-24,Elon,13,32,13,19,.406,200.0,25.8,57.8,17.2,33.3,8.6,24.4,13.0,18.4,10.3,23.5,33.8,13.1,6.3,2.7,11.8,15.7,73.1,27.5,60.2,19.2,35.7,8.3,24.5,12.1,16.9,11.3,23.9,35.2,15.1,6.1,3.2,11.1,16.3,75.4
276,2023-24,Fordham,13,33,13,20,.394,203.8,24.2,60.4,16.2,34.9,8.0,25.5,14.1,21.2,13.0,24.1,37.1,12.7,8.0,4.7,12.9,20.2,70.5,24.4,54.4,18.4,37.5,6.0,16.9,17.6,24.5,9.1,26.9,36.0,12.2,6.8,3.8,13.9,18.4,72.4
277,2023-24,Marshall,13,33,13,20,.394,200.0,26.2,64.2,18.0,37.8,8.2,26.4,13.2,18.6,12.3,27.2,39.5,14.9,7.0,4.4,11.9,16.1,73.8,27.9,62.4,20.1,40.7,7.8,21.8,13.0,18.4,10.6,28.5,39.1,13.5,7.5,2.6,11.8,16.2,76.7
278,2023-24,Mount St. Mary's,13,32,13,19,.406,202.3,27.4,57.9,20.6,38.7,6.8,19.2,11.2,15.4,9.8,25.4,35.2,13.2,6.9,3.9,14.5,15.5,72.7,25.6,59.1,18.5,38.5,7.1,20.5,13.5,17.9,9.8,22.6,32.4,12.7,8.9,2.9,12.6,14.9,71.8
279,2023-24,Navy,13,31,13,18,.419,201.6,23.1,58.4,17.3,38.9,5.8,19.5,14.4,20.4,12.5,23.2,35.6,12.1,6.7,2.0,10.2,18.0,66.5,23.1,53.5,15.9,31.5,7.1,22.0,13.4,18.8,10.0,26.0,36.0,12.8,4.7,4.8,13.5,18.3,66.7
280,2023-24,New Mexico State,13,32,13,19,.406,202.3,24.1,56.9,17.7,37.4,6.4,19.6,13.1,19.3,8.9,24.8,33.7,11.2,6.1,3.1,11.9,19.9,67.7,23.8,56.6,15.7,32.7,8.2,23.9,16.7,23.7,9.8,25.5,35.3,13.4,7.1,2.7,11.7,16.4,72.4
281,2023-24,Notre Dame,13,33,13,20,.394,202.3,22.5,55.3,14.9,31.3,7.6,23.9,11.5,15.4,9.8,26.1,35.9,10.2,5.7,2.4,12.5,15.1,64.0,24.4,57.9,17.5,36.6,6.9,21.3,11.4,15.9,9.5,24.7,34.2,12.3,6.4,3.6,9.9,14.7,67.2
282,2023-24,Oregon State,13,32,13,19,.406,204.7,24.1,54.5,18.0,35.9,6.1,18.7,14.5,19.7,8.6,23.9,32.5,11.1,6.0,3.7,12.3,18.5,68.9,25.5,57.3,18.3,35.4,7.2,21.8,14.5,20.3,10.7,23.5,34.1,14.2,6.4,3.0,11.6,18.7,72.7
283,2023-24,Pepperdine,13,33,13,20,.394,200.0,26.3,58.3,19.5,39.4,6.8,18.9,13.4,19.0,10.1,23.7,33.8,13.3,5.1,2.7,11.2,16.3,72.8,26.9,56.1,20.3,38.6,6.6,17.5,13.5,18.7,8.0,24.7,32.7,13.4,6.1,2.3,11.5,18.1,74.0
284,2023-24,Saint Louis,13,33,13,20,.394,200.0,25.6,56.8,17.8,35.4,7.8,21.4,15.9,21.2,8.7,24.8,33.5,12.9,6.1,3.1,11.8,18.1,74.9,27.5,59.5,18.3,34.4,9.2,25.2,15.3,21.1,10.1,24.9,35.0,13.8,6.6,3.9,10.2,17.6,79.4
285,2023-24,Texas A&Mâ€“Commerce,13,33,13,20,.394,206.8,25.1,60.5,16.4,32.5,8.7,27.9,12.6,17.9,9.6,23.0,32.6,13.8,7.9,5.0,11.7,17.6,71.5,26.4,57.8,20.3,40.2,6.1,17.6,15.7,22.2,10.9,27.9,38.8,13.2,5.7,3.5,13.5,14.9,74.6
286,2023-24,Alabama A&M,12,35,12,23,.343,200.7,23.0,54.8,18.8,40.1,4.2,14.7,18.7,25.9,11.3,24.4,35.7,10.5,7.5,3.9,16.1,20.8,69.0,24.5,57.4,17.0,36.2,7.5,21.2,19.4,25.9,11.9,24.1,35.9,13.2,9.5,3.3,14.1,20.0,75.8
287,2023-24,Fresno State,12,33,12,21,.364,203.0,24.6,54.4,17.7,33.5,6.9,20.9,11.5,16.8,7.9,23.7,31.6,12.5,6.2,2.5,12.6,15.8,67.7,27.3,59.2,19.2,37.3,8.2,21.9,11.2,16.3,10.4,24.5,35.0,13.6,6.1,3.8,10.5,15.9,73.9
288,2023-24,Illinoisâ€“Chicago,12,33,12,21,.364,203.8,25.6,58.4,16.9,34.5,8.7,23.9,10.4,15.2,8.2,25.4,33.6,13.9,6.2,5.3,12.4,17.7,70.3,24.8,58.2,18.4,37.9,6.4,20.2,15.5,20.7,10.0,26.8,36.8,12.9,6.6,3.6,12.2,14.5,71.5
289,2023-24,Loyola Marymount,12,31,12,19,.387,200.0,25.9,57.8,17.5,34.9,8.4,22.9,12.2,16.7,9.9,25.0,34.9,11.9,3.7,2.6,10.7,16.3,72.4,26.3,58.6,19.9,40.0,6.4,18.6,12.5,17.2,9.1,23.5,32.5,13.5,5.8,3.5,8.5,15.6,71.4
290,2023-24,Murray State,12,32,12,20,.375,200.8,25.7,57.5,19.1,37.2,6.5,20.3,11.9,17.1,9.3,23.4,32.8,11.5,6.0,2.8,9.5,15.3,69.8,25.3,54.7,16.8,31.5,8.5,23.2,10.7,14.8,7.9,25.3,33.2,13.5,4.8,3.3,11.8,15.3,69.9
291,2023-24,Northeastern,12,32,12,20,.375,200.0,25.3,55.6,18.9,35.6,6.4,20.1,12.4,16.6,10.2,23.0,33.2,13.6,6.3,3.3,12.4,15.2,69.4,26.1,56.0,17.9,34.3,8.2,21.8,12.1,15.8,8.8,21.8,30.7,13.3,6.5,3.0,11.2,15.3,72.3
292,2023-24,Oklahoma State,12,32,12,20,.375,202.3,24.8,56.2,16.7,31.9,8.1,24.3,13.3,19.1,9.2,24.5,33.7,13.4,6.3,2.9,12.9,16.0,71.0,27.0,59.1,20.4,39.6,6.6,19.5,12.0,16.3,9.8,24.2,34.0,12.4,8.0,3.1,11.5,16.6,72.7
293,2023-24,Oral Roberts,12,31,12,19,.387,201.6,26.2,59.5,17.0,34.1,9.2,25.5,11.8,15.9,7.6,25.4,33.0,11.0,5.6,3.4,9.7,17.2,73.4,26.8,60.7,18.5,37.4,8.3,23.3,13.4,18.3,11.1,27.2,38.3,13.0,4.9,2.5,10.8,13.8,75.3
294,2023-24,Portland,12,33,12,21,.364,200.8,25.0,57.3,16.2,31.8,8.8,25.5,12.6,17.6,8.4,25.3,33.7,13.5,4.1,2.2,11.9,14.8,71.5,29.4,63.3,18.7,35.0,10.7,28.3,9.9,14.0,9.8,26.4,36.2,16.9,6.2,2.6,9.1,17.6,79.5
295,2023-24,Rhode Island,12,32,12,20,.375,200.0,25.8,56.3,19.3,37.5,6.5,18.7,14.4,22.3,10.4,26.4,36.8,12.8,4.7,3.1,12.6,16.9,72.6,27.8,61.5,19.2,37.2,8.7,24.3,12.1,18.2,10.2,24.2,34.4,14.8,7.0,4.7,9.0,18.4,76.3
296,2023-24,South Dakota,12,32,12,20,.375,203.1,27.3,59.9,19.5,39.0,7.8,20.9,13.5,18.2,10.4,27.0,37.4,12.2,3.6,1.8,12.8,16.0,76.1,29.1,64.5,20.1,39.6,8.9,24.9,12.2,16.8,10.3,24.1,34.4,13.6,6.6,3.4,8.8,17.1,79.2
297,2023-24,Western Michigan,12,32,12,20,.375,202.3,25.9,59.8,18.0,36.4,7.9,23.3,11.6,18.6,12.6,25.3,37.9,13.1,5.3,2.7,13.4,17.2,71.3,26.8,60.3,18.9,37.3,7.8,23.0,13.5,18.7,10.7,24.6,35.3,13.8,6.9,2.3,11.0,17.6,74.9
298,2023-24,The Citadel,11,32,11,21,.344,200.8,25.6,55.7,19.4,36.9,6.2,18.8,13.3,18.8,9.4,24.8,34.2,11.2,5.6,2.6,12.0,14.0,70.6,26.9,58.7,18.7,35.3,8.2,23.4,9.6,13.1,8.8,23.5,32.3,14.6,6.6,3.9,11.1,17.1,71.5
299,2023-24,Utah Tech,11,31,11,20,.355,201.6,24.9,55.6,18.4,36.4,6.5,19.2,14.5,22.5,9.9,24.6,34.5,12.9,6.6,4.3,16.0,20.9,70.8,25.9,58.7,18.5,37.1,7.3,21.6,18.0,24.8,11.3,25.0,36.3,13.5,8.8,3.6,13.4,19.6,77.1
300,2023-24,Florida International,11,33,11,22,.333,200.8,26.7,61.2,18.1,35.7,8.6,25.5,11.5,17.2,10.4,21.2,31.6,14.1,10.2,4.1,13.7,18.0,73.6,27.0,56.8,18.9,36.4,8.1,20.5,14.4,20.6,11.9,26.9,38.8,14.8,7.1,3.5,17.3,16.1,76.5
301,2023-24,Idaho,11,32,11,21,.344,200.8,24.5,55.6,16.9,32.9,7.6,22.7,11.2,15.2,7.9,23.6,31.6,12.3,5.6,3.2,11.5,17.7,67.8,24.7,54.3,17.3,33.3,7.4,20.9,14.5,19.9,8.9,25.0,33.9,13.2,6.5,3.5,11.1,15.2,71.2
302,2023-24,Lafayette,11,32,11,21,.344,203.1,23.3,57.0,16.2,34.2,7.1,22.8,9.2,13.7,8.7,24.5,33.3,13.2,6.6,4.3,11.6,16.2,62.8,23.5,56.3,16.1,34.7,7.4,21.6,12.9,17.5,10.1,26.9,37.0,12.1,6.3,3.1,11.8,14.7,67.3
303,2023-24,Louisianaâ€“Monroe,11,30,11,19,.367,200.8,25.0,59.6,20.0,42.5,5.1,17.1,14.7,22.2,13.2,24.6,37.8,12.7,7.3,2.2,12.5,18.0,69.9,24.9,57.3,15.8,31.4,9.1,25.9,15.5,21.1,10.2,24.7,34.9,14.6,6.9,3.7,12.3,18.3,74.4
304,2023-24,UMBC,11,32,11,21,.344,200.8,29.8,64.0,21.9,41.7,8.0,22.3,11.0,15.8,9.5,27.3,36.8,13.0,5.1,3.9,13.1,15.8,78.7,29.6,66.6,22.1,42.6,7.6,24.0,13.9,19.0,12.0,27.3,39.4,13.5,8.1,3.1,11.4,15.7,80.7
305,2023-24,Morgan State,11,31,11,20,.355,201.6,27.1,60.1,22.3,43.8,4.8,16.3,13.7,18.1,10.9,24.5,35.5,12.5,6.2,3.6,14.5,19.2,72.7,27.3,61.4,20.5,41.6,6.8,19.7,16.1,23.5,13.3,24.1,37.4,13.1,8.2,3.7,12.9,15.8,77.5
306,2023-24,Northern Illinois,11,31,11,20,.355,202.4,25.8,58.1,18.5,35.7,7.3,22.5,14.3,21.2,10.3,25.5,35.8,10.2,5.3,4.9,12.7,17.4,73.2,27.5,61.2,19.5,39.3,8.0,22.0,14.4,21.1,11.6,25.2,36.8,14.7,6.8,2.5,10.9,18.7,77.4
307,2023-24,Pennsylvania,11,29,11,18,.379,203.5,26.9,59.3,17.4,33.5,9.5,25.9,11.1,16.1,10.4,25.5,35.9,14.8,6.0,2.3,11.1,14.9,74.4,27.0,59.3,17.7,33.6,9.2,25.8,11.2,15.8,9.2,24.4,33.6,15.1,5.9,3.1,10.0,14.9,74.4
308,2023-24,Rice,11,32,11,21,.344,202.3,26.0,58.8,18.2,35.5,7.8,23.3,12.1,17.4,10.3,25.1,35.4,14.4,5.6,3.7,11.6,14.5,72.0,27.3,60.7,18.6,37.3,8.8,23.4,12.2,16.4,10.4,25.1,35.6,14.8,7.3,3.4,10.3,15.6,75.7
309,2023-24,UTSA,11,32,11,21,.344,203.1,26.2,63.8,16.4,34.9,9.7,28.8,15.6,21.9,13.1,27.2,40.3,13.9,5.0,4.2,11.3,17.9,77.6,28.4,63.5,19.6,39.7,8.8,23.8,15.5,21.8,10.9,27.3,38.2,14.9,6.1,4.5,9.5,17.8,81.0
310,2023-24,Army,10,32,10,22,.313,202.3,22.1,54.6,14.2,30.0,7.9,24.6,8.3,14.0,9.6,24.4,34.0,12.5,5.8,3.9,12.2,15.8,60.3,22.9,53.5,16.0,32.3,6.9,21.2,11.6,16.4,8.3,25.6,33.9,12.9,7.0,3.0,10.9,14.9,64.3
311,2023-24,Charleston Southern,10,30,10,20,.333,200.0,23.8,57.6,16.9,36.6,6.9,21.0,13.0,17.7,10.0,25.5,35.5,10.2,3.8,3.0,12.2,17.1,67.6,27.0,59.8,21.1,41.1,5.8,18.8,13.9,19.6,10.2,25.9,36.2,11.7,6.2,2.7,9.5,15.7,73.7
312,2023-24,Holy Cross,10,33,10,23,.303,200.8,24.7,56.3,17.2,34.9,7.5,21.3,9.5,14.4,8.3,24.4,32.7,11.1,4.0,3.3,11.0,16.1,66.5,26.6,58.2,17.8,35.3,8.8,23.0,12.6,17.4,9.4,26.0,35.5,14.1,6.6,3.2,8.4,14.2,74.6
313,2023-24,New Orleans,10,33,10,23,.303,200.9,25.6,61.3,20.2,43.5,5.4,17.8,16.8,23.4,11.4,23.1,34.5,11.8,7.7,3.6,12.3,19.1,73.5,28.4,60.5,21.9,41.4,6.5,19.1,16.2,22.4,12.2,27.6,39.8,15.2,6.4,4.0,14.6,20.2,79.5
314,2023-24,Prairie View A&M,10,31,10,21,.323,200.0,24.8,59.1,20.0,43.3,4.8,15.8,15.7,21.8,9.8,20.9,30.7,12.0,9.1,2.8,12.8,20.2,70.2,26.1,55.1,19.8,37.0,6.3,18.1,18.0,25.5,10.7,26.5,37.3,12.9,6.8,4.1,16.6,19.3,76.4
315,2023-24,Robert Morris,10,32,10,22,.313,203.1,26.0,60.2,17.5,34.8,8.5,25.4,12.1,16.9,12.2,24.0,36.2,13.5,4.9,2.9,13.8,17.6,72.7,26.9,58.3,20.1,38.2,6.8,20.1,15.2,21.0,9.4,24.0,33.4,13.7,7.3,2.7,10.9,15.5,75.8
316,2023-24,Sacramento State,10,34,10,24,.294,200.0,23.5,54.6,15.9,31.6,7.6,22.9,12.6,17.6,11.7,23.8,35.6,13.1,5.2,2.7,14.6,17.0,67.1,25.3,54.5,17.9,33.4,7.4,21.2,12.5,17.4,7.8,21.4,29.1,13.1,7.4,3.0,10.3,16.9,70.4
317,2023-24,USC Upstate,10,30,10,20,.333,202.5,26.0,58.4,18.3,35.4,7.7,23.0,11.3,17.7,8.7,22.9,31.7,12.5,7.2,3.2,11.5,19.6,71.0,24.6,55.0,18.3,35.0,6.3,20.0,17.5,24.6,11.1,26.8,37.9,11.2,6.1,3.0,13.4,16.8,72.9
318,2023-24,Southern Utah,10,31,10,21,.323,200.8,26.5,60.0,20.2,39.1,6.3,20.9,15.8,21.7,10.4,23.5,33.8,12.1,6.5,3.0,12.0,17.7,75.0,29.2,61.1,23.4,44.3,5.7,16.8,13.5,19.0,11.3,26.1,37.4,13.5,6.9,3.5,12.5,19.3,77.6
319,2023-24,Tennessee Tech,10,31,10,21,.323,201.6,24.5,54.6,17.9,35.0,6.5,19.6,12.0,16.8,6.2,24.7,30.9,12.2,5.0,2.9,11.9,13.6,67.4,27.6,60.2,19.8,38.0,7.8,22.3,10.7,13.8,9.3,26.6,35.9,15.0,6.8,3.2,10.4,15.6,73.8
320,2023-24,William & Mary,10,33,10,23,.303,200.8,23.8,57.9,14.9,30.1,9.0,27.8,13.2,18.8,10.3,24.8,35.2,12.3,4.7,1.7,10.8,17.0,69.8,25.5,57.3,18.5,36.2,7.0,21.1,14.2,19.4,9.7,26.4,36.1,11.7,5.8,3.9,9.8,16.8,72.1
321,2023-24,Air Force,9,31,9,22,.290,201.6,23.5,51.7,14.6,27.3,8.8,24.4,10.5,15.3,7.3,20.9,28.1,14.5,6.5,3.9,12.0,17.5,66.2,25.0,52.6,17.9,33.3,7.1,19.3,15.4,20.5,9.6,23.2,32.8,12.5,5.7,3.1,11.2,16.0,72.4
322,2023-24,Central Arkansas,9,32,9,23,.281,200.8,25.5,61.4,17.5,38.1,8.0,23.3,13.1,17.7,11.2,25.2,36.4,13.7,7.0,3.3,12.7,17.1,72.2,27.2,60.4,17.7,35.0,9.4,25.4,14.4,19.9,10.7,26.5,37.2,13.1,7.6,3.1,11.5,15.8,78.2
323,2023-24,Coastal Carolina,9,31,9,22,.290,201.6,26.9,60.6,20.5,40.5,6.5,20.2,13.2,19.9,11.4,28.9,40.3,12.7,5.7,3.1,13.5,16.0,73.5,27.6,65.6,17.7,35.5,9.9,30.2,13.4,19.4,12.3,25.5,37.8,15.4,8.5,3.5,9.5,16.5,78.5
324,2023-24,Georgetown,9,32,9,23,.281,201.6,24.2,58.3,15.9,34.4,8.3,23.9,14.1,19.8,12.2,21.9,34.1,12.2,5.7,3.1,12.2,16.7,70.8,28.2,57.5,20.4,35.6,7.8,22.0,13.8,19.3,9.7,24.3,34.0,15.6,7.5,3.9,11.1,16.8,77.9
325,2023-24,Georgia Southern,9,33,9,24,.273,202.3,25.7,59.7,16.3,33.1,9.4,26.6,12.6,17.3,10.5,23.7,34.2,10.7,6.9,4.0,13.2,20.1,73.3,26.9,59.0,19.3,37.5,7.6,21.5,17.9,25.4,12.1,26.0,38.1,13.3,7.5,4.1,12.2,15.5,79.2
326,2023-24,Hampton,9,33,9,24,.273,200.0,25.8,60.9,18.5,37.9,7.3,23.0,12.8,17.9,11.3,25.7,37.0,12.8,5.8,3.7,12.5,16.3,71.8,27.3,62.5,19.4,37.7,7.9,24.8,13.8,18.4,11.2,26.1,37.4,13.4,7.2,2.7,10.9,16.1,76.4
327,2023-24,Lindenwood,9,31,9,22,.290,200.8,22.5,55.7,17.6,38.7,4.8,17.0,15.4,21.1,8.8,22.9,31.7,8.0,6.2,2.5,12.0,17.5,65.1,25.2,54.5,17.4,33.7,7.8,20.9,14.9,20.6,9.1,27.0,36.1,12.9,6.2,3.8,12.5,18.4,73.1
328,2023-24,Maryland Eastern Shore,9,29,9,20,.310,202.6,23.0,57.4,17.2,37.7,5.8,19.7,13.3,18.6,10.9,24.1,35.0,10.8,7.0,2.8,13.8,17.5,65.2,24.9,56.9,18.3,36.7,6.6,20.2,14.1,20.8,11.1,26.1,37.2,12.3,7.3,3.0,13.6,16.3,70.6
329,2023-24,Northwestern State,9,32,9,23,.281,203.1,25.3,58.5,18.9,38.4,6.4,20.1,13.7,20.7,11.4,23.2,34.6,11.5,7.0,3.3,13.3,18.7,70.5,26.3,58.1,19.3,36.5,7.0,21.6,16.4,23.6,12.2,25.7,37.9,13.2,7.2,4.3,13.4,17.6,75.9
330,2023-24,San Jose State,9,32,9,23,.281,201.6,26.0,58.0,17.7,33.7,8.3,24.3,9.3,13.2,7.9,22.9,30.8,13.5,5.2,3.3,10.5,17.1,69.6,26.7,56.4,19.0,36.4,7.7,19.9,14.0,20.1,9.6,26.3,35.8,14.5,4.8,2.8,10.7,14.4,75.1
331,2023-24,Southeast Missouri State,9,31,9,22,.290,200.8,24.6,59.6,18.5,39.3,6.2,20.4,11.5,16.5,9.0,22.7,31.7,12.4,5.7,2.5,12.0,19.5,67.0,25.9,55.9,20.7,39.1,5.2,16.8,16.6,23.7,8.9,27.3,36.1,12.5,6.6,3.4,12.6,16.4,73.5
332,2023-24,Vanderbilt,9,32,9,23,.281,200.8,23.4,58.7,16.8,35.6,6.5,23.1,14.6,20.6,10.8,23.7,34.4,9.4,6.1,2.9,10.4,15.3,67.9,26.8,58.8,18.1,35.5,8.7,23.3,13.6,17.3,9.8,27.3,37.2,14.8,5.7,3.5,10.8,17.4,75.9
333,2023-24,West Virginia,9,32,9,23,.281,201.6,24.0,55.8,16.7,34.9,7.3,20.8,14.6,20.7,9.2,24.6,33.8,13.0,4.3,3.6,12.7,15.2,69.8,27.4,61.5,18.2,35.1,9.3,26.4,12.7,17.3,10.7,25.1,35.8,15.6,7.6,3.9,10.4,18.3,76.8
334,2023-24,Bellarmine,8,31,8,23,.258,201.6,25.7,59.3,18.0,36.7,7.7,22.5,10.4,13.3,7.9,24.4,32.3,13.5,5.3,1.9,9.6,15.7,69.5,26.4,58.5,17.4,32.7,9.0,25.8,13.1,17.8,9.6,27.0,36.6,13.4,4.7,3.0,10.2,13.6,74.8
335,2023-24,Incarnate Word,8,31,8,23,.258,201.6,24.8,57.9,17.2,34.9,7.6,23.0,15.1,20.8,10.7,25.8,36.5,12.2,6.0,4.1,16.0,19.0,72.3,27.1,60.4,19.8,39.7,7.4,20.6,17.0,23.9,10.8,24.7,35.5,14.3,8.4,3.9,11.2,17.6,78.6
336,2023-24,Louisville,8,32,8,24,.250,200.8,25.0,57.3,19.5,39.4,5.5,17.8,16.6,22.3,9.9,24.4,34.4,11.1,5.4,2.6,12.8,17.0,72.0,27.9,59.1,19.3,35.9,8.6,23.1,14.6,19.9,9.3,25.4,34.7,15.4,7.6,3.8,11.4,19.0,79.1
337,2023-24,Michigan,8,32,8,24,.250,202.3,25.9,58.4,17.9,36.2,8.0,22.2,13.2,18.7,10.6,24.8,35.4,12.5,4.2,3.6,12.9,17.2,72.9,28.9,62.1,21.6,41.8,7.3,20.3,13.8,18.9,10.8,24.1,34.9,13.4,7.7,3.8,9.6,16.9,79.0
338,2023-24,Missouri,8,32,8,24,.250,200.8,25.2,57.4,17.9,34.6,7.3,22.8,14.4,18.2,9.2,21.8,31.0,12.2,7.7,4.8,11.6,20.1,72.2,25.3,56.8,17.5,34.2,7.8,22.6,17.8,24.1,12.1,25.0,37.1,13.3,6.4,3.4,12.8,17.1,76.2
339,2023-24,Saint Francis (PA),8,30,8,22,.267,200.8,23.8,56.1,17.3,36.9,6.4,19.2,11.2,18.4,11.9,22.7,34.6,12.2,5.9,3.6,13.7,17.7,65.2,25.6,56.2,18.2,34.8,7.4,21.3,14.0,20.0,10.3,23.9,34.1,13.3,7.0,4.1,11.9,16.6,72.7
340,2023-24,Southern Indiana,8,32,8,24,.250,200.8,23.0,56.6,16.3,35.8,6.7,20.8,15.8,21.2,10.0,25.6,35.6,11.3,6.4,2.9,13.2,21.0,68.6,23.7,55.7,16.9,35.1,6.7,20.5,18.9,25.8,10.0,26.1,36.1,12.0,6.7,3.3,12.0,18.7,73.0
341,2023-24,LIU,7,29,7,22,.241,201.7,24.3,58.3,18.9,40.9,5.4,17.4,12.4,18.3,9.4,25.6,35.0,12.5,6.4,3.0,14.6,19.2,66.5,26.9,59.1,20.6,38.8,6.3,20.3,16.8,24.2,10.3,27.5,37.8,14.8,8.7,4.2,11.4,15.9,76.8
342,2023-24,Loyola (MD),7,32,7,25,.219,202.3,23.0,55.2,15.8,33.8,7.2,21.4,10.8,16.8,10.3,24.0,34.3,12.8,5.9,2.2,13.6,16.2,64.0,26.0,55.8,18.6,35.2,7.4,20.6,12.6,18.0,8.3,24.4,32.8,13.5,7.3,3.7,10.3,16.8,71.9
343,2023-24,Manhattan,7,30,7,23,.233,202.5,24.7,59.7,17.4,36.6,7.3,23.2,9.5,13.2,9.2,23.8,33.0,14.4,7.5,2.9,13.4,13.9,66.2,28.2,60.9,20.7,40.3,7.6,20.6,11.8,16.1,10.4,27.5,38.0,17.0,8.1,4.1,11.9,13.8,75.8
344,2023-24,NJIT,7,28,7,21,.250,200.0,23.7,60.0,16.5,36.3,7.2,23.8,13.4,18.9,11.5,23.3,34.7,10.5,7.2,3.3,11.1,19.1,67.9,26.3,57.1,19.2,36.8,7.1,20.3,15.5,22.4,10.9,26.9,37.8,14.2,6.1,3.5,11.8,15.9,75.0
345,2023-24,North Carolina A&T,7,32,7,25,.219,200.0,22.7,58.5,16.7,37.6,6.0,20.9,14.2,19.9,9.4,22.5,31.9,10.2,5.6,3.3,9.4,15.3,65.6,28.9,60.3,21.0,37.9,7.9,22.5,12.2,17.8,11.6,29.2,40.8,15.3,5.3,3.5,10.8,16.7,77.9
346,2023-24,Old Dominion,7,32,7,25,.219,201.6,26.3,62.5,19.4,40.8,6.9,21.7,11.4,17.2,10.0,25.4,35.4,10.3,7.8,3.8,10.9,18.2,70.9,25.8,59.2,17.0,34.3,8.8,24.8,16.7,23.3,11.3,29.2,40.5,14.7,6.0,4.2,13.0,15.3,77.0
347,2023-24,Valparaiso,7,32,7,25,.219,200.0,24.9,61.3,17.6,38.8,7.3,22.5,10.5,14.7,10.0,23.3,33.3,12.0,6.2,3.5,11.0,16.3,67.6,27.9,58.4,20.6,37.8,7.3,20.7,12.4,17.8,10.1,28.5,38.5,15.2,6.4,2.5,12.4,15.3,75.5
348,2023-24,Dartmouth,6,27,6,21,.222,200.0,22.0,53.6,14.9,30.4,7.1,23.2,10.8,15.6,7.4,25.9,33.3,12.3,4.4,3.5,12.7,13.9,61.9,26.6,58.7,17.6,33.7,9.1,24.9,9.5,13.5,8.1,26.6,34.7,14.1,7.7,2.8,9.3,16.0,71.9
349,2023-24,Florida A&M,6,29,6,23,.207,203.4,25.1,57.9,19.2,40.8,5.9,17.1,11.2,16.0,9.6,25.0,34.6,14.3,6.0,2.8,15.2,18.7,67.2,26.8,59.7,19.0,38.1,7.8,21.6,15.9,23.6,11.4,25.1,36.5,13.0,8.3,3.8,11.5,15.0,77.2
350,2023-24,Houston Christian,6,29,6,23,.207,200.9,26.2,60.4,21.1,43.6,5.1,16.8,14.1,21.9,11.9,25.2,37.1,11.4,5.6,2.8,15.3,14.6,71.5,31.3,66.0,23.7,43.7,7.6,22.3,13.2,18.4,11.9,26.3,38.2,16.2,9.2,4.8,10.3,17.9,83.4
351,2023-24,IUPUI,6,32,6,26,.188,200.8,24.2,55.3,20.8,41.4,3.4,13.9,14.0,19.0,9.9,19.6,29.5,10.4,7.6,2.1,14.6,17.4,65.9,29.0,57.1,20.9,35.7,8.1,21.4,13.8,19.1,10.5,22.7,33.3,16.0,7.3,3.2,13.5,16.7,79.8
352,2023-24,Pacific,6,32,6,26,.188,201.6,22.7,55.1,16.3,35.0,6.3,20.1,13.1,20.3,6.5,20.8,27.3,13.2,6.1,2.0,11.8,17.2,64.7,28.2,58.3,20.1,35.3,8.2,23.1,15.2,20.8,10.1,27.8,37.9,14.5,6.2,3.3,11.5,18.4,79.8
353,2023-24,Texasâ€“Rio Grande Valley,6,31,6,25,.194,201.6,24.3,58.1,19.2,40.5,5.2,17.6,16.5,23.5,9.4,24.1,33.5,12.9,8.1,3.0,14.0,18.2,70.4,28.7,61.2,21.6,40.6,7.1,20.6,15.2,20.8,11.3,28.2,39.5,17.4,7.4,4.5,14.5,19.0,79.8
354,2023-24,Buffalo,4,31,4,27,.129,200.8,24.8,59.0,18.2,35.0,6.7,24.1,11.6,16.3,10.4,24.5,34.9,13.4,6.1,4.5,14.5,15.6,68.0,29.5,62.1,21.4,39.9,8.1,22.2,12.7,17.8,10.6,26.2,36.8,15.7,7.7,2.9,10.7,14.7,79.7
355,2023-24,Cal Poly,4,32,4,28,.125,202.3,22.5,55.6,16.3,36.9,6.2,18.7,12.5,17.8,8.8,22.4,31.3,9.8,5.4,3.7,12.7,19.2,63.7,25.5,55.6,19.6,38.6,6.0,17.0,17.1,23.3,11.3,27.3,38.5,11.9,6.5,3.2,11.9,17.6,74.1
356,2023-24,Siena,4,32,4,28,.125,200.0,21.9,54.9,16.7,36.1,5.3,18.8,11.3,16.9,11.7,23.7,35.4,10.7,5.1,4.1,15.8,15.3,60.4,27.5,60.1,20.3,39.6,7.2,20.5,12.2,16.8,10.8,23.6,34.4,13.8,9.1,3.3,9.9,16.1,74.4
357,2023-24,Stonehill,4,31,4,27,.129,200.8,23.0,57.7,14.9,30.8,8.2,26.9,9.2,13.4,8.3,24.6,32.9,11.8,6.4,2.5,13.6,15.4,63.5,26.6,60.5,16.7,32.5,9.9,28.0,12.9,17.7,11.2,27.9,39.0,16.1,7.9,4.2,11.8,14.1,76.1
358,2023-24,VMI,4,32,4,28,.125,200.8,25.6,60.5,19.0,39.4,6.6,21.0,11.2,16.2,9.3,27.2,36.6,10.5,5.6,2.6,15.8,16.8,68.9,30.3,65.4,21.1,39.7,9.2,25.7,12.9,19.6,11.3,27.8,39.1,15.3,9.1,3.2,11.7,15.8,82.6
359,2023-24,DePaul,3,32,3,29,.094,200.0,22.7,53.6,16.4,34.9,6.3,18.7,13.2,17.9,7.3,22.4,29.7,12.3,5.3,3.1,13.6,15.1,64.7,29.7,60.9,20.1,35.8,9.5,25.0,12.9,17.3,10.7,25.8,36.5,17.3,7.7,3.6,9.9,16.8,81.8
360,2023-24,Coppin State,2,29,2,27,.069,201.7,20.2,54.2,14.9,35.6,5.3,18.6,12.2,16.9,9.8,20.3,30.1,8.3,7.7,2.8,15.7,17.7,57.9,24.9,55.6,17.7,34.7,7.2,20.9,15.8,21.3,12.8,26.3,39.1,14.6,8.9,3.4,14.9,15.7,72.8
361,2023-24,Detroit Mercy,1,32,1,31,.031,201.6,23.8,56.4,17.9,35.6,5.8,20.8,12.6,17.1,8.9,20.6,29.5,10.8,6.9,2.4,13.3,17.3,66.0,28.8,58.7,20.7,36.8,8.1,21.8,14.6,18.7,11.3,25.3,36.6,15.1,6.2,3.1,11.9,16.1,80.3
362,2023-24,Mississippi Valley State,1,31,1,30,.032,200.8,19.8,52.0,15.2,36.2,4.6,15.8,11.3,17.2,9.6,19.8,29.4,8.7,6.6,2.3,16.0,17.7,55.5,26.9,55.2,19.5,35.1,7.5,20.1,16.4,22.9,11.0,24.9,35.8,14.6,8.8,3.2,11.4,16.7,77.7